positive,negative,not,degree-1,degree-2,degree-3,degree-4,degree-5,degree-6
愛,搥胸頓足,不,百分之百,不過,大不了,點點滴滴,半點,不為過
愛不忍釋,哀,不一定,倍加,不少,多,多多少少,不大,超
愛不釋手,哀哀切切,不了,備至,不勝,更,怪,不丁點兒,超額
愛寵,哀愁,不了了之,不得了,慘,更加,好生,不甚,超外差
愛戴,哀憐,不力,不堪,沉,更進一步,還,不怎麼,超微結構
愛撫,哀憫,不久,不可開交,沉沉,更為,或多或少,聊,超物質
愛好,哀慼,不切實際,不亦樂乎,出奇,還,略,沒怎麼,出頭
愛護,哀悽,不及,不折不扣,大為,還要,略加,輕度,多
愛憐,哀切,不少,徹頭徹尾,多,較,略略,弱,浮
愛戀,哀傷,不支,充分,多多,較比,略微,絲毫,過
愛慕,哀痛,不止,到頭,多加,較為,略為,微,過度
愛上,哀痛欲絕,不比,地地道道,多麼,進一步,蠻,相對,過分
愛屋及烏,哀怨,不只,非常,分外,那般,稍,,過火
愛惜,哀慟,不可,極,格外,那麼,稍稍,,過勁
安,哀矜,不可不,極度,夠瞧的,那樣,稍微,,過了頭
昂揚,傲視,不可以,極端,夠戧,強,稍為,,過猛
巴,懊,不可思議,極其,好,如斯,稍許,,過熱
巴不得,懊恨,不可能,極為,好不,益,挺,,過甚
巴望,懊悔,不外,截然,何等,益發,未免,,過頭
擺好,懊惱,不巧,盡,很,尤甚,相當,,過於
拜,懊喪,不平,驚人地,很是,逾,些,,過逾
拜拜,百無聊賴,不必,絕,壞,愈,些微,,何止
拜服,敗興,不甘,絕頂,可,愈發,些小,,何啻
拜賀,板,不用,絕對,老,愈加,一點,,開外
拜謁,板臉,不由,絕對化,老大,愈來愈,一點兒,,苦
褒,板面孔,不亦,刻骨,良,愈益,一些,,老
褒獎,板起臉,不全,酷,頗,遠遠,有點,,偏
褒揚,板著臉,不再,滿,頗為,越發,有點兒,,強
睎,板著面孔,不合,滿貫,甚,越加,有些,,溢
表揚,半信半疑,不吉,滿心,實在,越來越,,,忒
表彰,包涵,不同,莫大,太,越是,,,
並重,包容,不好,奇,太甚,這般,,,
補台,褒貶,不如,入骨,特,這樣,,,
不看僧面看佛面,睖睜,不安,甚為,特別,足,,,
不愧,薄,不早,十二分,尤,足足,,,
不勝欣忭,抱不平,不朽,十分,尤其,,,,
不惜,抱憾,不行,十足,尤為,,,,
不厭,抱憾終身,不但,死,尤以,,,,
睬,抱恨,不住,滔天,遠,,,,
採納,抱恨終生,不克,痛,著實,,,,
參拜,抱恨終天,不免,透,曷,,,,
參謁,抱疚,不利,完全,磣,,,,
側重,抱愧,不妨,完完全全,大,,,,
饞,抱歉,不快,萬,,,,,
暢快,抱怨,不決,萬般,,,,,
唱喏,暴跳,不肖,萬分,,,,,
倡,暴跳如雷,不良,萬萬,,,,,
朝拜,杯弓蛇影,不足,無比,,,,,
朝思暮想,悲,不佳,無度,,,,,
撐檯面,悲哀,不和,無可估量,,,,,
撐腰,悲愁,不奈,無以復加,,,,,
稱,悲觀失望,不定,無以倫比,,,,,
稱道,悲憫,不宜,要命,,,,,
稱快,悲慼,不幸,要死,,,,,
稱賞,悲悽,不怕,已極,,,,,
稱頌,悲切,不拘小節,已甚,,,,,
稱歎,悲切切,不明,異常,,,,,
稱羨,悲傷,不服,逾常,,,,,
稱謝,悲酸,不知,賊,,,,,
稱心,悲天憫人,不知所措,之極,,,,,
稱心如意,悲痛,不肯,之至,,,,,
稱心如願,悲痛欲絕,不便,至極,,,,,
稱許,悲愴,不客氣,卓絕,,,,,
稱譽,悲慟,不是,最為,,,,,
稱願,悲惻,不為,佼佼,,,,,
稱讚,揹包袱,不甚,郅,,,,,
承,繃,不耐,綦,,,,,
承蒙,繃臉,不耐煩,,,,,,
承情,繃著臉,不致於,最,,,,,
承望,鼻酸,不要,,,,,,
承應,鄙,不計,,,,,,
騁懷,鄙薄,不計其數,,,,,,
吃醋,鄙賤,不准,,,,,,
癡,鄙棄,不容置疑,,,,,,
癡戀,鄙視,不屑,,,,,,
癡迷,鄙夷,不悅,,,,,,
癡情,鞭撻,不料,,,,,,
癡心不改,貶斥,不時,,,,,,
癡心妄想,變臉,不能,,,,,,
馳念,變色,不配,,,,,,
馳思,變心,不停,,,,,,
崇,表示壞情感,不夠,,,,,,
崇拜,憋,不常,,,,,,
崇敬,憋得慌,不得不,,,,,,
崇尚,憋悶,不惜,,,,,,
崇仰,憋氣,不清,,,,,,
寵,憋屈,不清不楚,,,,,,
寵愛,憋著一肚子氣,不爽,,,,,,
寵倖,勃然大怒,不理,,,,,,
酬謝,駁難,不祥,,,,,,
躊躇滿志,駁議,不符,,,,,,
出迎,不待見,不許,,,,,,
垂愛,不甘,不通,,,,,,
垂念,不甘心,不測,,,,,,
垂青,不顧,不無,,,,,,
垂涎,不過意,不然,,,,,,
垂涎三尺,不寒而慄,不順,,,,,,
垂涎欲滴,不好過,不須,,,,,,
春風得意,不好意思,不僅,,,,,,
春風滿面,不快,不幹,,,,,,
醋意大發,不落忍,不愧,,,,,,
措意,不滿,不會,,,,,,
答禮,不滿意,不當,,,,,,
答謝,不滿足,不禁,,,,,,
答應,不念舊惡,不虞,,,,,,
打千,不平,不解,,,,,,
大快人心,不容,不該,,,,,,
大喜過望,不是味兒,不詳,,,,,,
戴,不是滋味,不過,,,,,,
膽敢,不是滋味兒,不對,,,,,,
彈冠相慶,不爽,不對勁,,,,,,
當真,不死心,不滿,,,,,,
當之無愧,不同意,不疑,,,,,,
倒向,不聞不問,不算,,,,,,
道賀,不屑,不管,,,,,,
道謝,不屑一顧,不需,,,,,,
得意,不屑於,不論,,,,,,
得意忘形,不以為然,不適,,,,,,
點頭,不願,不獨,,,,,,
點頭稱是,不願意,不瞞,,,,,,
點頭哈腰,不悅,不謂,,,,,,
電賀,不贊成,不賴,,,,,,
奠祭,不贊同,不錯,,,,,,
弔祭,不忠,不懂,,,,,,
盯緊,不忠誠,不應該,,,,,,
盯住,怖,不濟,,,,,,
頂禮,猜忌,不講,,,,,,
頂禮膜拜,猜嫌,不斷,,,,,,
抖,猜疑,不難,,,,,,
睹物思人,慚,不願,,,,,,
妒,慚惶,不覺,,,,,,
妒恨,慚愧,不顧,,,,,,
妒火中燒,慘痛,不讓,,,,,,
妒嫉,倉皇失措,切勿,,,,,,
妒忌,藏奸,反,,,,,,
妒羨,操心,少,,,,,,
多留個心眼兒,詫,毋須,,,,,,
墮入愛河,詫異,未,,,,,,
墮入情網,詫愕,未必,,,,,,
額手稱慶,嘲罵,未有,,,,,,
反哺,嘲謔,未曾,,,,,,
放膽,沉悶,用不到,,,,,,
放在心上,沉痛,別,,,,,,
費心,沉吟,否,,,,,,
封禪,沉鬱,否決,,,,,,
瘋魔,沉重,否定,,,,,,
奉,誠惶誠恐,否認,,,,,,
奉若神明,吃不準,決不,,,,,,
奉迎,吃錯藥,沒人,,,,,,
俯允,吃後悔藥,沒什麼,,,,,,
甘,痴愣,沒出息,,,,,,
甘心,持異議,沒正經,,,,,,
甘心情願,遲疑,沒用,,,,,,
甘願,遲疑不決,沒有,,,,,,
感,恥罵,沒志氣,,,,,,
感恩,斥,沒見識,,,,,,
感恩戴德,斥罵,沒事,,,,,,
感激,斥責,沒空,,,,,,
感激不盡,躊躇,沒長進,,,,,,
感激涕零,躊躇不決,沒指望,,,,,,
感同身受,躊躇不前,沒架子,,,,,,
感謝,愁,沒甚麼,,,,,,
感興趣,愁慘,沒意思,,,,,,
敢,愁腸百結,沒話說,,,,,,
高看,愁眉不展,沒輒,,,,,,
高山仰止,愁眉緊鎖,沒趣,,,,,,
高興,愁眉苦臉,沒錯,,,,,,
歌頌,愁眉鎖眼,沒關係,,,,,,
留面子,愁悶,並非,,,,,,
給臉,愁容滿面,尚未,,,,,,
給面子,仇恨,非,,,,,,
恭而敬之,仇視,非得,,,,,,
恭賀,臭罵,豈不,,,,,,
恭敬,出氣,豈不是,,,,,,
恭維,出神,從不,,,,,,
恭喜,吹鬍子瞪眼,從未,,,,,,
恭祝,捶胸頓足,毫不,,,,,,
供奉,垂憐,毫無,,,,,,
公祭,垂頭喪氣,莫,,,,,,
拱手,戳壁腳,莫非,,,,,,
顧,戳脊梁骨,無,,,,,,
顧及,刺打,無力,,,,,,
顧盼自雄,躥火,無不,,,,,,
顧全,錯愕,無止境,,,,,,
顧惜,打罵,無由,,,,,,
掛牽,打入冷宮,無有,,,,,,
關愛,打入十八層地獄,無妨,,,,,,
關懷,打問號,無足輕重,,,,,,
關懷備至,打怵,無依無靠,,,,,,
關切,大吃一驚,無法,,,,,,
關心,大跌眼鏡,無非,,,,,,
關照,大動肝火,無計,,,,,,
關注,大發雷霆,無庸置疑,,,,,,
管,大驚失色,無從,,,,,,
貫注,大罵,無情,,,,,,
鬼迷心竅,大失所望,無理,,,,,,
跪拜,呆,無異,,,,,,
跪叩,呆若木雞,無視,,,,,,
過,呆怔,無須,,,,,,
過獎,呆滯,無意,,,,,,
過問,呆住,無暇,,,,,,
過譽,呆愣愣,無寧,,,,,,
哈,貸,無疑,,,,,,
酣暢,擔驚受怕,無窮,,,,,,
豪情滿懷,擔心,無趣,,,,,,
好,擔憂,無禮,,,,,,
好奇,膽顫心驚,無關,,,,,,
好情,膽寒,絕不,,,,,,
喝彩,膽戰心驚,絕非,,,,,,
合掌,憚,絕無,,,,,,
賀,當緊,暫不,,,,,,
狠抓,當頭棒喝,還不是,,,,,,
恨不得,得饒人處且饒人,難以,,,,,,
恨不能,等不及,,,,,,,
橫心,等閒視之,,,,,,,
厚望,瞪眼,,,,,,,
懷,低沉,,,,,,,
懷戀,低落,,,,,,,
懷念,敵視,,,,,,,
懷想,惦,,,,,,,
歡,惦掛,,,,,,,
歡暢,惦記,,,,,,,
歡歡喜喜,惦念,,,,,,,
歡快,掉魂,,,,,,,
歡樂,掉以輕心,,,,,,,
歡鬧,跌眼鏡,,,,,,,
歡聲雷動,動肝火,,,,,,,
歡騰,動火,,,,,,,
歡天喜地,動怒,,,,,,,
歡慰,動氣,,,,,,,
歡喜,動搖,,,,,,,
歡欣,恫,,,,,,,
歡欣鼓舞,鬥,,,,,,,
歡迎,鬥爭,,,,,,,
歡愉,堵,,,,,,,
歡娛,堵得慌,,,,,,,
歡悅,堵心,,,,,,,
歡忭,斷腸,,,,,,,
還禮,斷魂,,,,,,,
回敬,頓生疑竇,,,,,,,
回禮,頓足捶胸,,,,,,,
魂牽夢繫,多慮,,,,,,,
魂牽夢縈,多有微詞,,,,,,,
豁朗,惡,,,,,,,
稽首,惡罵,,,,,,,
極熱心,扼腕,,,,,,,
集中,耳熱,,,,,,,
集注,發愁,,,,,,,
急,發呆,,,,,,,
嫉,發狠,,,,,,,
嫉妒,發火,,,,,,,
冀,發急,,,,,,,
冀求,發牢騷,,,,,,,
冀望,發毛,,,,,,,
祭,發怒,,,,,,,
祭拜,發脾氣,,,,,,,
祭奠,發怔,,,,,,,
祭掃,髮指,,,,,,,
祭祀,發作,,,,,,,
記掛,發怵,,,,,,,
忌,發愣,,,,,,,
忌妒,發飆,,,,,,,
嘉,翻然悔悟,,,,,,,
嘉獎,煩,,,,,,,
嘉許,煩愁,,,,,,,
夾道歡迎,煩悶,,,,,,,
兼顧,煩惱,,,,,,,
檢點,煩膩,,,,,,,
見愛,煩擾,,,,,,,
見義勇為,煩神,,,,,,,
獎,煩厭,,,,,,,
獎勵,煩憂,,,,,,,
獎賞,煩躁,,,,,,,
獎掖,反脣相譏,,,,,,,
講,反感,,,,,,,
講究,犯愁,,,,,,,
講求,犯急,,,,,,,
交口稱譽,犯難,,,,,,,
交口稱讚,犯疑心病,,,,,,,
叫好,犯怵,,,,,,,
叫絕,非常悲哀,,,,,,,
接受,非難,,,,,,,
皆大歡喜,非議,,,,,,,
盡,費精神,,,,,,,
盡孝,費神,,,,,,,
盡忠,忿忿,,,,,,,
驚喜,忿忿不平,,,,,,,
景仰,忿忿然,,,,,,,
敬,忿恨,,,,,,,
敬愛,忿怒,,,,,,,
敬奉,忿恚,,,,,,,
敬服,忿懣,,,,,,,
敬賀,憤憤,,,,,,,
敬禮,憤憤不平,,,,,,,
敬慕,憤憤然,,,,,,,
敬佩,憤恨,,,,,,,
敬若神明,憤怒,,,,,,,
敬畏,憤世嫉俗,,,,,,,
敬仰,憤懣,,,,,,,
敬重,諷,,,,,,,
敬祝,諷刺,,,,,,,
竟敢,付之一笑,,,,,,,
鞠躬,負疚,,,,,,,
聚焦,負氣,,,,,,,
聚精會神,肝腸寸斷,,,,,,,
眷愛,感傷,,,,,,,
眷戀,一點顏色看看,,,,,,,
眷念,攻擊,,,,,,,
開綠燈,骨鯁在喉,,,,,,,
開心,顧忌,,,,,,,
看車,顧慮,,,,,,,
看得起,顧慮重重,,,,,,,
看得上,顧念,,,,,,,
看得上眼,寡歡,,,,,,,
看上,掛,,,,,,,
看上眼,掛懷,,,,,,,
看在,掛火,,,,,,,
看中,掛記,,,,,,,
看重,掛慮,,,,,,,
考究,掛念,,,,,,,
磕頭,掛牽,,,,,,,
渴慕,掛心,,,,,,,
渴念,怪,,,,,,,
渴盼,怪罪,,,,,,,
渴求,光火,,,,,,,
渴望,過不去,,,,,,,
渴想,過分操心,,,,,,,
肯,過慮,,,,,,,
肯定,過意不去,,,,,,,
肯於,害怕,,,,,,,
口角春風,害羞,,,,,,,
酷愛,害臊,,,,,,,
酷好,駭,,,,,,,
誇,駭怪,,,,,,,
誇獎,駭懼,,,,,,,
誇讚,駭怕,,,,,,,
快,駭然失色,,,,,,,
快活,駭異,,,,,,,
快樂,駭愕,,,,,,,
快慰,含悲,,,,,,,
快意,含憤,,,,,,,
寬暢,含恨,,,,,,,
寬鬆,含怒,,,,,,,
狂喜,含沙射影,,,,,,,
狂想,含羞,,,,,,,
來神,含怨,,,,,,,
樂,涵容,,,,,,,
樂不可支,寒,,,,,,,
樂顛顛,寒心,,,,,,,
樂呵呵,憾,,,,,,,
樂樂呵呵,悍然不顧,,,,,,,
樂陶陶,汗顏,,,,,,,
樂意,毫不在乎,,,,,,,
樂悠悠,呵,,,,,,,
樂於,呵斥,,,,,,,
樂滋滋,呵責,,,,,,,
理會,呵叱,,,,,,,
理直氣壯,喝斥,,,,,,,
禮贊,喝叱,,,,,,,
立項,恨,,,,,,,
力主,恨入骨髓,,,,,,,
憐愛,恨鐵不成鋼,,,,,,,
戀,恨之入骨,,,,,,,
戀愛,紅臉,,,,,,,
戀戀不捨,紅眼,,,,,,,
領情,猴兒急,,,,,,,
留個心眼兒,後顧之憂,,,,,,,
留神,後悔,,,,,,,
留心,後悔莫及,,,,,,,
留意,後怕,,,,,,,
論功行賞,忽略,,,,,,,
買帳,忽視,,,,,,,
滿,狐疑不決,,,,,,,
滿懷豪情,虎著臉,,,,,,,
滿懷激情,懷恨,,,,,,,
滿面春風,懷恨在心,,,,,,,
滿心歡喜,懷疑,,,,,,,
滿意,壞情,,,,,,,
滿足,患,,,,,,,
眉飛色舞,荒,,,,,,,
美,荒廢,,,,,,,
美言,慌恐,,,,,,,
美滋滋,皇皇,,,,,,,
夢魂縈繞,惶,,,,,,,
夢寐以求,惶惶,,,,,,,
夢想,惶惶不安,,,,,,,
迷,惶惶不可終日,,,,,,,
迷戀,惶惶然,,,,,,,
迷上,惶惑,,,,,,,
面有喜色,惶懼,,,,,,,
鳴謝,惶恐,,,,,,,
謬獎,惶恐不安,,,,,,,
膜拜,惶然,,,,,,,
默認,惶然不安,,,,,,,
默許,惶悚,,,,,,,
慕,惶遽,,,,,,,
慕名,灰溜溜,,,,,,,
溺愛,灰頭灰臉,,,,,,,
念,灰頭土臉,,,,,,,
拍案叫絕,灰心,,,,,,,
拍手稱快,灰心喪氣,,,,,,,
拍手叫好,回頭,,,,,,,
盼,悔,,,,,,,
盼念,悔不當初,,,,,,,
盼望,悔不該,,,,,,,
佩,悔恨,,,,,,,
佩服,悔悟,,,,,,,
捧場,悔之不及,,,,,,,
批准,悔之晚矣,,,,,,,
偏愛,悔之無及,,,,,,,
偏寵,魂不附體,,,,,,,
偏好,魂飛魄散,,,,,,,
偏重,魂飛天外,,,,,,,
飄飄然,火,,,,,,,
飄飄欲仙,火急火燎,,,,,,,
迫切需要,火冒三丈,,,,,,,
普天同慶,火燒火燎,,,,,,,
期,火頭上,,,,,,,
期待,飢不擇食,,,,,,,
期盼,激憤,,,,,,,
期望,譏嘲,,,,,,,
祈盼,譏刺,,,,,,,
起敬,譏諷,,,,,,,
企,譏訕,,,,,,,
企慕,譏誚,,,,,,,
企盼,雞蛋裡挑骨頭,,,,,,,
企望,極度悲哀,,,,,,,
器重,極度悲傷,,,,,,,
牽腸掛肚,急,,,,,,,
牽掛,急巴巴,,,,,,,
千恩萬謝,急急巴巴,,,,,,,
敲邊鼓,急死,,,,,,,
瞧得起,急眼,,,,,,,
瞧得上眼,疾,,,,,,,
翹盼,嫉恨,,,,,,,
翹企,悸慄,,,,,,,
翹望,忌,,,,,,,
欽,忌憚,,,,,,,
欽佩,忌恨,,,,,,,
親熱,見怪,,,,,,,
親熱親熱,見罪,,,,,,,
輕快,將心比心,,,,,,,
傾慕,將信將疑,,,,,,,
傾向,焦愁,,,,,,,
傾心,焦急,,,,,,,
情有獨鍾,焦慮,,,,,,,
情願,焦心,,,,,,,
慶,焦炙,,,,,,,
慶賀,焦灼,,,,,,,
慶倖,嬌羞,,,,,,,
慶祝,教訓,,,,,,,
圈定,叫苦,,,,,,,
饒有興趣,叫苦不迭,,,,,,,
熱心,叫苦連天,,,,,,,
人心大快,叫罵,,,,,,,
認,叫囂,,,,,,,
認可,解氣,,,,,,,
認了,借古諷今,,,,,,,
認命,介懷,,,,,,,
日有所思,介意,,,,,,,
融融,進退兩難,,,,,,,
容,進退維谷,,,,,,,
容許,驚,,,,,,,
如癡如狂,驚怖,,,,,,,
如癡如醉,驚詫,,,,,,,
如獲至寶,驚呆,,,,,,,
如意,驚怪,,,,,,,
如願以償,驚駭,,,,,,,
如醉如癡,驚慌,,,,,,,
入迷,驚慌失措,,,,,,,
入魔,驚惶,,,,,,,
入神,驚懼,,,,,,,
賞,驚恐,,,,,,,
賞識,驚怕,,,,,,,
賞賚,驚奇,,,,,,,
尚,驚奇不已,,,,,,,
燒高香,驚歎,,,,,,,
奢望,驚訝,,,,,,,
申謝,驚疑,,,,,,,
伸張,驚異,,,,,,,
神魂顛倒,驚悚,,,,,,,
神往,驚愕,,,,,,,
甚感歡慰,窘,,,,,,,
盛讚,窘迫,,,,,,,
施禮,揪心,,,,,,,
十分滿意,疚愧,,,,,,,
示好,拘束,,,,,,,
示同意,舉棋不定,,,,,,,
示喜,沮,,,,,,,
釋放善意,沮喪,,,,,,,
手舞足蹈,懼,,,,,,,
首肯,懼怕,,,,,,,
守候,眷顧,,,,,,,
守歲,覺得自己理虧,,,,,,,
舒暢,絕望,,,,,,,
舒服,開炮,,,,,,,
舒坦,看扁,,,,,,,
屬望,看不慣,,,,,,,
屬意,看不開,,,,,,,
樹碑立傳,看不起,,,,,,,
爽,看不上,,,,,,,
爽快,看不上眼,,,,,,,
爽心,看不順眼,,,,,,,
爽怡,看淡,,,,,,,
說好,看低,,,,,,,
說好話,看輕,,,,,,,
說妥,抗議,,,,,,,
說項,苛察,,,,,,,
思,苛責,,,,,,,
思戀,可憐,,,,,,,
思慕,可惜,,,,,,,
思念,恐,,,,,,,
松心,恐慌,,,,,,,
頌,恐懼,,,,,,,
頌揚,口誅筆伐,,,,,,,
頌贊,哭喪著臉,,,,,,,
送往迎來,哭笑不得,,,,,,,
隨心,苦悶,,,,,,,
遂心,苦惱,,,,,,,
遂意,苦澀,,,,,,,
抬愛,寬貸,,,,,,,
抬舉,寬假,,,,,,,
貪,寬免,,,,,,,
貪戀,寬赦,,,,,,,
貪圖,寬恕,,,,,,,
歎,寬宥,,,,,,,
嘆服,狂怒,,,,,,,
歎賞,虧心,,,,,,,
歎為觀止,愧,,,,,,,
嘆羨,愧對,,,,,,,
陶然,愧汗,,,,,,,
陶陶,愧恨,,,,,,,
陶醉,愧悔,,,,,,,
特許,愧疚,,,,,,,
疼,愧怍,,,,,,,
疼愛,愧恧,,,,,,,
疼惜,愧赧,,,,,,,
提倡,困窘,,,,,,,
甜絲絲,困迫,,,,,,,
甜滋滋,拉不下臉,,,,,,,
挑三揀四,拉不下臉來,,,,,,,
挑眼,拉長個臉,,,,,,,
通過,拉下臉,,,,,,,
通融,拉下臉來,,,,,,,
同意,來火,,,,,,,
吐口,來氣,,,,,,,
吐氣揚眉,賴,,,,,,,
推,懶得,,,,,,,
推崇,懶洋洋,,,,,,,
推戴,勞神,,,,,,,
推許,老羞成怒,,,,,,,
推重,冷嘲熱諷,,,,,,,
推尊,冷淡,,,,,,,
望,憐,,,,,,,
望眼欲穿,憐憫,,,,,,,
忘乎所以,憐惜,,,,,,,
妄想,憐恤,,,,,,,
維護,臉紅脖子粗,,,,,,,
畏,臉紅耳熱,,,,,,,
溫存,臉皮薄,,,,,,,
問心無愧,臉上下不來,,,,,,,
無愧,涼,,,,,,,
嘻嘻哈哈,兩難,,,,,,,
稀罕,亮紅燈,,,,,,,
希,諒,,,,,,,
希罕,諒解,,,,,,,
希冀,慮,,,,,,,
希圖,亂,,,,,,,
希望,亂了方寸,,,,,,,
惜,罵,,,,,,,
喜,罵不絕口,,,,,,,
喜愛,罵大街,,,,,,,
喜不自禁,罵得狗血淋頭,,,,,,,
喜不自勝,罵得狗血噴頭,,,,,,,
喜衝衝,罵街,,,,,,,
喜出望外,罵罵咧咧,,,,,,,
喜好,罵娘,,,,,,,
喜歡,罵人,,,,,,,
喜樂,埋沒,,,,,,,
喜眉笑眼,埋汰,,,,,,,
喜氣洋洋,埋怨,,,,,,,
喜上眉梢,滿不在乎,,,,,,,
喜上心頭,滿臉愁霧,,,,,,,
喜興,漫罵,,,,,,,
喜形於色,謾罵,,,,,,,
喜幸,毛骨悚然,,,,,,,
喜洋洋,冒火,,,,,,,
喜吟吟,沒個好臉,,,,,,,
喜盈盈,沒精打采,,,,,,,
喜悅,沒意思,,,,,,,
喜滋滋,沒有好臉,,,,,,,
喜孜孜,悶,,,,,,,
顯揚,悶沉沉,,,,,,,
羨,悶悶,,,,,,,
羡慕,悶悶不樂,,,,,,,
相中,悶鬱,,,,,,,
想,面斥,,,,,,,
想念,面帶怒色,,,,,,,
想望,面帶嗔色,,,,,,,
向,面面相覷,,,,,,,
傾斜,面如死灰,,,,,,,
嚮往,面如土色,,,,,,,
向著,面無人色,,,,,,,
銷魂,面有愧色,,,,,,,
消魂,面有難色,,,,,,,
孝敬,面有慍色,,,,,,,
孝順,藐視,,,,,,,
寫意,蔑,,,,,,,
謝,蔑視,,,,,,,
謝天謝地,民怨沸騰,,,,,,,
謝謝,憫,,,,,,,
欣,鳴不平,,,,,,,
欣賞,鳴冤叫屈,,,,,,,
欣慰,摸不準,,,,,,,
欣喜,磨不開,,,,,,,
欣喜若狂,抹不開,,,,,,,
欣羡,漠然視之,,,,,,,
欣幸,漠然置之,,,,,,,
忻,漠視,,,,,,,
心馳神往,木然,,,,,,,
心蕩神馳,目瞪口呆,,,,,,,
心甘,納罕,,,,,,,
心甘情願,難,,,,,,,
心花怒放,難過,,,,,,,
心曠神怡,難堪,,,,,,,
心滿意足,難受,,,,,,,
心疼,難為情,,,,,,,
心向,惱,,,,,,,
心醉,惱恨,,,,,,,
興高采烈,惱火,,,,,,,
行禮,惱怒,,,,,,,
需,惱羞成怒,,,,,,,
需要,鬧脾氣,,,,,,,
許,鬧情緒,,,,,,,
許可,鬧性子,,,,,,,
軒然,餒,,,,,,,
懸紅,內疚,,,,,,,
懸賞,膩,,,,,,,
眼饞,膩煩,,,,,,,
眼紅,膩歪,,,,,,,
眼熱,膩味,,,,,,,
豔羨,捏把汗,,,,,,,
揚眉吐氣,捏一把汗,,,,,,,
揚揚,怒,,,,,,,
揚揚得意,怒不可遏,,,,,,,
揚揚自得,怒斥,,,,,,,
洋洋得意,怒衝衝,,,,,,,
洋洋自得,怒髮衝冠,,,,,,,
仰,怒喝,,,,,,,
仰慕,怒火沖天,,,,,,,
搖頭擺尾,怒火中燒,,,,,,,
搖頭晃腦,怒罵,,,,,,,
要,怒目,,,,,,,
夜有所夢,怒氣衝衝,,,,,,,
一往情深,怒氣沖天,,,,,,,
揖,怒形於色,,,,,,,
依依不捨,怒叱,,,,,,,
依允,怕,,,,,,,
以期,怕生,,,,,,,
以求,怕羞,,,,,,,
意欲,拍案而起,,,,,,,
溢美,排揎,,,,,,,
引頸企待,徘徊,,,,,,,
引領,派不是,,,,,,,
應,旁敲側擊,,,,,,,
應承,抨,,,,,,,
應下,抨擊,,,,,,,
應許,批,,,,,,,
應允,批鬥,,,,,,,
應准,苶,,,,,,,
迎,皮裡陽秋,,,,,,,
迎候,屁滾尿流,,,,,,,
迎接,偏廢,,,,,,,
迎來,品頭論足,,,,,,,
迎迓,評頭論足,,,,,,,
擁,評頭品足,,,,,,,
擁戴,頗有微詞,,,,,,,
擁護,破口大罵,,,,,,,
詠贊,魄散魂飛,,,,,,,
用,迫不及待,,,,,,,
用心良苦,慼慼,,,,,,,
有心,戚然,,,,,,,
有意,七竅生煙,,,,,,,
俞允,悽惶,,,,,,,
愉,悽切,,,,,,,
愉快,悽然,,,,,,,
愉悅,悽酸,,,,,,,
欲,悽婉,,,,,,,
譽,悽怨,,,,,,,
願,悽惻,,,,,,,
願意,歧視,,,,,,,
躍躍欲試,騎虎難下,,,,,,,
悅,起疑心,,,,,,,
悅服,氣,,,,,,,
允,氣昂昂,,,,,,,
允許,氣不忿,,,,,,,
允准,氣不過,,,,,,,
在乎,氣不平,,,,,,,
在心,氣沖沖,,,,,,,
在意,氣衝牛斗,,,,,,,
贊,氣短,,,,,,,
贊成,氣忿,,,,,,,
贊服,氣忿忿,,,,,,,
讚美,氣憤,,,,,,,
贊慕,氣憤憤,,,,,,,
贊佩,氣鼓鼓,,,,,,,
讚賞,氣狠狠,,,,,,,
讚頌,氣哼哼,,,,,,,
讚歎,氣呼呼,,,,,,,
贊同,氣乎乎,,,,,,,
贊羨,氣急敗壞,,,,,,,
贊許,氣惱,,,,,,,
讚揚,氣餒,,,,,,,
讚譽,氣頭上,,,,,,,
沾沾自喜,氣洶洶,,,,,,,
照準,牽念,,,,,,,
折服,遷怒,,,,,,,
珍,譴,,,,,,,
珍愛,譴責,,,,,,,
珍視,歉然,,,,,,,
珍惜,歉甚,,,,,,,
珍重,瞧不起,,,,,,,
正中下懷,瞧不上,,,,,,,
支持,瞧不上眼,,,,,,,
知冷知熱,切齒,,,,,,,
知冷著熱,切齒痛恨,,,,,,,
知足,怯,,,,,,,
指靠,怯陣,,,,,,,
指望,輕,,,,,,,
志願,輕忽,,,,,,,
摯愛,輕看,,,,,,,
致賀,輕蔑,,,,,,,
致敬,輕視,,,,,,,
致謝,清算,,,,,,,
中意,窮極無聊,,,,,,,
鐘,饒,,,,,,,
鍾愛,饒人,,,,,,,
鍾情,饒恕,,,,,,,
重,惹氣,,,,,,,
重視,人身攻擊,,,,,,,
重在,忍讓,,,,,,,
矚目,柔腸百結,,,,,,,
矚望,柔腸寸斷,,,,,,,
主持,如泣如訴,,,,,,,
注,如喪考妣,,,,,,,
注意,如鯁在喉,,,,,,,
注重,辱罵,,,,,,,
祝,撒氣,,,,,,,
祝福,三心二意,,,,,,,
祝賀,喪膽,,,,,,,
祝頌,喪魂落魄,,,,,,,
祝願,喪氣,,,,,,,
抓,喪志,,,,,,,
抓緊,掃興,,,,,,,
准,殺氣,,,,,,,
准許,傻眼,,,,,,,
准予,傷,,,,,,,
著迷,傷悲,,,,,,,
著想,傷懷,,,,,,,
著眼,傷神,,,,,,,
著眼於,傷心,,,,,,,
自得,懾,,,,,,,
自得其樂,申斥,,,,,,,
自告奮勇,申討,,,,,,,
自滿,申飭,,,,,,,
自鳴得意,深惡痛絕,,,,,,,
自認,深以為異,,,,,,,
自願,聲討,,,,,,,
自足,生恐,,,,,,,
宗仰,生怕,,,,,,,
醉心,生氣,,,,,,,
尊,生疑,,,,,,,
尊崇,失悔,,,,,,,
尊敬,失節,,,,,,,
尊重,失神,,,,,,,
儐,失望,,,,,,,
僉同,失意,,,,,,,
跂望,使性子,,,,,,,
謳歌,示不滿,,,,,,,
謁,示不同意,,,,,,,
哿,示怒,,,,,,,
埽,勢成騎虎,,,,,,,
縈念,視同兒戲,,,,,,,
揄揚,視同螻蟻,,,,,,,
叩,首鼠兩端,,,,,,,
叩拜,受窘,,,,,,,
叩首,疏,,,,,,,
叩頭,數落,,,,,,,
噲,數說,,,,,,,
嘖嘖稱羨,恕,,,,,,,
嘖嘖稱讚,恕宥,,,,,,,
喁,說,,,,,,,
嗟,說不,,,,,,,
醊,說風涼話,,,,,,,
徼,說怪話,,,,,,,
夤,酸,,,,,,,
飫,酸楚,,,,,,,
廑,酸溜溜,,,,,,,
忮,縮頭縮腦,,,,,,,
忭,談虎色變,,,,,,,
忭躍,討,,,,,,,
怏然自足,討厭,,,,,,,
懌,提心吊膽,,,,,,,
怡然自得,啼笑皆非,,,,,,,
愷,體諒,,,,,,,
悚,體念,,,,,,,
愜,體惜,,,,,,,
愜意,體恤,,,,,,,
慊,天怒人怨,,,,,,,
憧憬,挑刺兒,,,,,,,
迓,挑毛病,,,,,,,
嬖,同病相憐,,,,,,,
綣,同情,,,,,,,
覬,痛,,,,,,,
覬覦,痛不欲生,,,,,,,
犒,痛斥,,,,,,,
犒勞,痛惡,,,,,,,
犒賞,痛恨,,,,,,,
臚,痛罵,,,,,,,
歆,痛惜,,,,,,,
歆慕,痛心,,,,,,,
歆羨,痛心疾首,,,,,,,
祀,痛責,,,,,,,
祗,投訴,,,,,,,
眄,兔死狐悲,,,,,,,
顒,頹,,,,,,,
鍾,頹廢,,,,,,,
鵠望,頹靡,,,,,,,
翊戴,頹然,,,,,,,
襝衽,頹喪,,,,,,,
酹,頹唐,,,,,,,
雩,唾罵,,,,,,,
侻,挖苦,,,,,,,
俶儻,玩,,,,,,,
僄,玩忽,,,,,,,
劼,玩世不恭,,,,,,,
嫕,惋,,,,,,,
惇,惋惜,,,,,,,
惓惓,萬箭穿心,,,,,,,
會,萬念俱灰,,,,,,,
牣,往心裡去,,,,,,,
皞,望而生畏,,,,,,,
挨邊,微慍,,,,,,,
哀婉,唯恐,,,,,,,
哀豔,惟恐,,,,,,,
藹,為難,,,,,,,
藹藹,萎靡,,,,,,,
藹然,委決不下,,,,,,,
藹然可親,委靡,,,,,,,
藹如,委屈,,,,,,,
艾,委罪,,,,,,,
礙事,畏,,,,,,,
安安靜靜,畏忌,,,,,,,
安安穩穩,畏懼,,,,,,,
安定,畏葸,,,,,,,
安頓,聞風喪膽,,,,,,,
安分,問心有愧,,,,,,,
安好,窩火,,,,,,,
安靜,窩囊,,,,,,,
安康,窩氣,,,,,,,
安瀾,窩心,,,,,,,
安樂,無地自容,,,,,,,
安寧,無精打采,,,,,,,
安全,無聊,,,,,,,
安然,無名火起,,,,,,,
安然無事,無視,,,,,,,
安然無恙,無所謂,,,,,,,
安如磐石,無心,,,,,,,
安如泰山,無意,,,,,,,
安生,物傷其類,,,,,,,
安適,惜,,,,,,,
安泰,系,,,,,,,
安恬,繫念,,,,,,,
安穩,戲侮,,,,,,,
安詳,下不來臺,,,,,,,
安逸,下不了臺,,,,,,,
安謐,銜恨,,,,,,,
按期,銜冤,,,,,,,
按時,嫌,,,,,,,
昂昂,嫌惡,,,,,,,
昂藏,嫌棄,,,,,,,
昂然,嫌厭,,,,,,,
傲然,嫌憎,,,,,,,
奧,想不開,,,,,,,
奧博,問罪,,,,,,,
奧妙,向隅,,,,,,,
巴結,向隅而泣,,,,,,,
拔尖,消沉,,,,,,,
拔尖兒,小看,,,,,,,
拔俗,小瞧,,,,,,,
把牢,小視,,,,,,,
把穩,笑罵,,,,,,,
把細,洩勁,,,,,,,
白,洩氣,,,,,,,
白紙黑字,心膽俱裂,,,,,,,
百不一失,心煩,,,,,,,
百讀不厭,心煩意亂,,,,,,,
百廢俱興,心寒,,,,,,,
百裡挑一,心灰意懶,,,,,,,
百鍊成鋼,心灰意冷,,,,,,,
百聽不厭,心急,,,,,,,
百無一失,心急火燎,,,,,,,
百依百順,心急如焚,,,,,,,
百折不回,心急如火,,,,,,,
百折不撓,心焦,,,,,,,
百折不撓地,心焦如焚,,,,,,,
闆闆正正,心驚膽顫,,,,,,,
板實,心驚膽戰,,,,,,,
板正,心驚肉跳,,,,,,,
半公開,心裡堵得慌,,,,,,,
半透明,心情沉重,,,,,,,
膀大腰圓,心如刀割,,,,,,,
膀闊腰圓,心如刀絞,,,,,,,
棒,心如死灰,,,,,,,
苞,心酸,,,,,,,
睆,心碎,,,,,,,
儲存良好,心疼,,,,,,,
保皇,心痛,,,,,,,
保險,心虛,,,,,,,
保準,心緒沉落,,,,,,,
飽學,心有餘悸,,,,,,,
寶,杏眼圓睜,,,,,,,
寶貴,羞,,,,,,,
悲壯,羞慚,,,,,,,
卑,羞答答,,,,,,,
倍兒棒,羞惡,,,,,,,
備細,羞窘,,,,,,,
奔放,羞愧,,,,,,,
本質,羞怯,,,,,,,
笨鳥先飛,羞人,,,,,,,
逼真,羞人答答,,,,,,,
筆挺,羞澀,,,,,,,
筆直,羞羞答答,,,,,,,
畢恭畢敬,羞於,,,,,,,
毖,羞臊,,,,,,,
閉月羞花,羞赧,,,,,,,
必備,虛驚,,,,,,,
必不可少,噓,,,,,,,
必需,恤,,,,,,,
必要,絮煩,,,,,,,
闢,懸,,,,,,,
鞭辟近裡,懸念,,,,,,,
鞭辟入裡,懸系,,,,,,,
便,懸心,,,,,,,
便當,訓斥,,,,,,,
便捷,訓戒,,,,,,,
便利,訓誡,,,,,,,
便民,訝,,,,,,,
便宜,訝然,,,,,,,
變通,訝然失色,,,,,,,
辯證,訝異,,,,,,,
標定,厭,,,,,,,
標緻,厭惡,,,,,,,
標準,厭煩,,,,,,,
彪炳,厭恨,,,,,,,
彪炳千古,厭倦,,,,,,,
彪炳史冊,厭膩,,,,,,,
彪悍,厭氣,,,,,,,
彪形,厭棄,,,,,,,
彪壯,搖擺,,,,,,,
表觀,要緊,,,,,,,
表裡如一,一怒之下,,,,,,,
表裡一致,一氣之下,,,,,,,
別具匠心,一怔,,,,,,,
別具一格,遺憾,,,,,,,
別開生面,疑,,,,,,,
別有風味,疑惑,,,,,,,
別有情趣,疑忌,,,,,,,
彬,疑慮,,,,,,,
彬彬,疑慮重重,,,,,,,
彬彬有禮,疑神疑鬼,,,,,,,
斌,抑鬱,,,,,,,
兵強馬壯,抑鬱寡歡,,,,,,,
冰肌玉骨,意意思思,,,,,,,
冰清玉潔,義憤,,,,,,,
冰雪聰明,義憤填膺,,,,,,,
秉持公正,異,,,,,,,
秉公,陰鬱,,,,,,,
秉正,引咎,,,,,,,
秉直,引咎自責,,,,,,,
炳,隱憂,,,,,,,
並茂,幽憂,,,,,,,
波光粼粼,憂,,,,,,,
波瀾壯闊,憂愁,,,,,,,
博大,憂煩,,,,,,,
博大精深,憂憤,,,,,,,
博古通今,憂懼,,,,,,,
博識,憂慮,,,,,,,
博聞,憂悶,,,,,,,
博聞廣識,憂傷,,,,,,,
博聞強記,憂思,,,,,,,
博學,憂心,,,,,,,
博學多才,憂心如焚,,,,,,,
博學多能,憂心忡忡,,,,,,,
博學多聞,憂鬱,,,,,,,
博雅,憂怨,,,,,,,
勃,憂悒,,,,,,,
勃勃,猶疑,,,,,,,
勃勃生機,猶豫,,,,,,,
不卑不亢,油煎火燎,,,,,,,
不變,遊移,,,,,,,
不恥下問,有愧,,,,,,,
不錯,於心有愧,,,,,,,
不大不小,虞,,,,,,,
不大離兒,鬱,,,,,,,
不憚其煩,鬱悶,,,,,,,
不動搖,鬱鬱不樂,,,,,,,
不費吹灰之力,鬱鬱寡歡,,,,,,,
不費力,欲哭無淚,,,,,,,
不苟,讋,,,,,,,
不苟言笑,原,,,,,,,
不含糊,原諒,,,,,,,
不會腐敗,原宥,,,,,,,
不會弄錯,怨,,,,,,,
不加區別,怨恨,,,,,,,
不加掩飾,怨悔,,,,,,,
不加渲染,怨聲載道,,,,,,,
不簡單,怨天尤人,,,,,,,
不驕不躁,在乎,,,,,,,
不咎既往,糟心,,,,,,,
不亢不卑,責,,,,,,,
不可或缺,責備,,,,,,,
不可缺,責斥,,,,,,,
不可缺少,責怪,,,,,,,
不賴,責罵,,,,,,,
不離兒,責難,,,,,,,
不落俗套,責怨,,,,,,,
不落窠臼,憎,,,,,,,
不難,憎惡,,,,,,,
不偏不倚,憎恨,,,,,,,
不屈,咋舌,,,,,,,
不屈不撓,炸,,,,,,,
不容懷疑,瞻前顧後,,,,,,,
不容置辯,戰兢兢,,,,,,,
不容置疑,戰戰兢兢,,,,,,,
不俗,張口結舌,,,,,,,
不同凡響,找茬,,,,,,,
不同尋常,找茬兒,,,,,,,
不為已甚,找碴,,,,,,,
不畏艱險,找碴兒,,,,,,,
不無道理,找岔子,,,,,,,
不無小補,鍼砭,,,,,,,
不無裨益,震,,,,,,,
不武斷,震驚,,,,,,,
不限,震怒,,,,,,,
不懈,震悚,,,,,,,
不懈怠,睜一眼閉一眼,,,,,,,
不洩氣,睜一隻眼閉一隻眼,,,,,,,
不言而喻,睜隻眼閉隻眼,,,,,,,
不厭其煩,怔,,,,,,,
不厭其詳,怔神兒,,,,,,,
不在話下,怔怔,,,,,,,
不爭,怔住,,,,,,,
不整齊,怔忪,,,,,,,
不知疲倦,直眉瞪眼,,,,,,,
部優,指斥,,,,,,,
才高八斗,指雞罵狗,,,,,,,
才華橫溢,指桑罵槐,,,,,,,
才略過人,指責,,,,,,,
才氣橫溢,指摘,,,,,,,
才思敏捷,置疑,,,,,,,
財大氣粗,置於腦後,,,,,,,
慘淡,置之不顧,,,,,,,
慘烈,置之不理,,,,,,,
燦,置之度外,,,,,,,
燦爛,置之腦後,,,,,,,
燦爛奪目,質疑,,,,,,,
燦亮,滯呆,,,,,,,
燦然,周恤,,,,,,,
蒼鬱,咒,,,,,,,
纏綿,咒罵,,,,,,,
昌,咒詛,,,,,,,
昌明,抓瞎,,,,,,,
常,椎心泣血,,,,,,,
常規,追悔,,,,,,,
長,追悔莫及,,,,,,,
長治久安,著急,,,,,,,
敞開,著忙,,,,,,,
敞開兒,自暴自棄,,,,,,,
敞口,自慚形穢,,,,,,,
敞亮,自咎,,,,,,,
暢達,自疚,,,,,,,
暢順,自餒,,,,,,,
超拔,自怨自艾,,,,,,,
超塵拔俗,自責,,,,,,,
超等,詛,,,,,,,
超凡入聖,詛罵,,,,,,,
超凡脫俗,詛咒,,,,,,,
超級,左右兩難,,,,,,,
超絕,左右為難,,,,,,,
超群,做賊心虛,,,,,,,
超群絕倫,作難,,,,,,,
超俗,作色,,,,,,,
超俗絕世,倥,,,,,,,
超逸,訕訕,,,,,,,
超卓,訶,,,,,,,
朝氣勃勃,詰,,,,,,,
朝氣蓬勃,詬,,,,,,,
車水馬龍,詬病,,,,,,,
澈,誚,,,,,,,
沉寂,誒,,,,,,,
沉靜,誶,,,,,,,
沉穩,謫,,,,,,,
沉毅,矍,,,,,,,
沉魚落雁,芴,,,,,,,
沉著,菀,,,,,,,
稱身,葸,,,,,,,
成,奚落,,,,,,,
成器,奚幸,,,,,,,
成趣,尷尬,,,,,,,
成熟,挹,,,,,,,
澄,掎,,,,,,,
澄碧,掊,,,,,,,
澄澈,掊擊,,,,,,,
澄淨,摭,,,,,,,
澄明,擼,,,,,,,
澄清,攛,,,,,,,
誠,叱,,,,,,,
誠懇,叱罵,,,,,,,
誠樸,叱責,,,,,,,
誠實,嘵,,,,,,,
誠心,呲,,,,,,,
誠心誠意,嘖有煩言,,,,,,,
誠摯,嗔,,,,,,,
誠篤,嗔斥,,,,,,,
承平,嗔怪,,,,,,,
吃得開,嗔怒,,,,,,,
吃香,嗤之以鼻,,,,,,,
持平,嘀咕,,,,,,,
持正不阿,彷,,,,,,,
持之有故,彷徨,,,,,,,
持重,懺,,,,,,,
馳名,懺悔,,,,,,,
馳譽,憮,,,,,,,
赤,慪,,,,,,,
赤忱,慪氣,,,,,,,
赤誠,忡,,,,,,,
赤膽,悵,,,,,,,
赤膽忠心,悵恨,,,,,,,
赤裸,悵然,,,,,,,
赤裸裸,悵然若失,,,,,,,
赤色,悵悵,,,,,,,
赤心,悵惘,,,,,,,
熾盛,愴,,,,,,,
崇高,愴怳,,,,,,,
初生牛犢般,愴恍,,,,,,,
出類拔萃,愴然,,,,,,,
出色,愴惻,,,,,,,
出身高貴,忪,,,,,,,
出身名門,忸,,,,,,,
出神入化,忸怩,,,,,,,
出手不凡,怵,,,,,,,
出手大方,怵然,,,,,,,
出以公心,怵頭,,,,,,,
出眾,怛,,,,,,,
楚楚,怏,,,,,,,
楚楚動人,怏然,,,,,,,
楚楚可憐,怏然不悅,,,,,,,
楚楚可人,怏怏,,,,,,,
傳神,怏怏不樂,,,,,,,
傳統,怍,,,,,,,
窗明几淨,怫,,,,,,,
創造性,怫然,,,,,,,
春光明媚,怫然不悅,,,,,,,
春秋鼎盛,怫然作色,,,,,,,
春秋正富,慟,,,,,,,
春色滿園,惻,,,,,,,
春意融融,惻然,,,,,,,
醇,惻隱,,,,,,,
醇和,恂,,,,,,,
醇厚,悚,,,,,,,
醇美,悚然,,,,,,,
醇濃,悒,,,,,,,
醇樸,悒悶,,,,,,,
醇香,悒鬱,,,,,,,
脣紅齒白,悒鬱寡歡,,,,,,,
淳,悒悒不樂,,,,,,,
淳厚,悛,,,,,,,
淳美,悻然,,,,,,,
淳樸,悻悻,,,,,,,
純,悻悻然,,,,,,,
純粹,惝恍,,,,,,,
純厚,惘,,,,,,,
純潔,惘然,,,,,,,
純淨,惘然若失,,,,,,,
純樸,惆,,,,,,,
純熟,惆悵,,,,,,,
純一,慍,,,,,,,
純真,慍怒,,,,,,,
純正,愕,,,,,,,
純摯,愕然,,,,,,,
純種,愣,,,,,,,
綽約,愣神兒,,,,,,,
綽約多姿,愣怔,,,,,,,
慈,愣怔怔,,,,,,,
慈悲,愣住,,,,,,,
慈悲為懷,惴,,,,,,,
慈善,愀,,,,,,,
慈祥,慊,,,,,,,
瓷實,懍,,,,,,,
刺眼,忝,,,,,,,
聰慧,閔,,,,,,,
聰敏,瀆,,,,,,,
聰明,宥,,,,,,,
聰明過人,騫,,,,,,,
聰明絕頂,嬈,,,,,,,
聰明伶俐,嬉笑怒罵,,,,,,,
聰悟,槁木死灰,,,,,,,
聰穎,殫,,,,,,,
蔥蔥,軫,,,,,,,
蔥茂,戟指,,,,,,,
蔥鬱,靦腆,,,,,,,
蔥蘢,膈應,,,,,,,
從寬,臊,,,,,,,
從輕,恝置,,,,,,,
從權,恚,,,,,,,
從實,恚憤,,,,,,,
從始至終,恚恨,,,,,,,
從頭到底,恚怒,,,,,,,
從頭到尾,恧,,,,,,,
從頭至尾,愍,,,,,,,
從一而終,憝,,,,,,,
粗放,懣,,,,,,,
粗豪,瞠目結舌,,,,,,,
粗實,瞠然,,,,,,,
粗中有細,詈,,,,,,,
粗壯,詈罵,,,,,,,
粗獷,癉,,,,,,,
簇新,竦,,,,,,,
催人奮進,矜,,,,,,,
脆,赧,,,,,,,
脆亮,赧然,,,,,,,
脆美,赧顏,,,,,,,
脆生,踟,,,,,,,
脆響,踟躇,,,,,,,
粹,踟躕,,,,,,,
粹白,踟躕不前,,,,,,,
錯落有致,躕,,,,,,,
達,觖,,,,,,,
達觀,觖望,,,,,,,
打心底裡,訾議,,,,,,,
打心眼兒裡,黯然神傷,,,,,,,
打心眼裡,黯然銷魂,,,,,,,
打眼,僄,,,,,,,
大慈大悲,囉囉唆唆,,,,,,,
大大方方,囉囉嗦嗦,,,,,,,
大膽,囉裡囉唆,,,,,,,
大膽潑辣,囉裡囉嗦,,,,,,,
大度,囉唆,,,,,,,
大而全,囉嗦,,,,,,,
大方,噲,,,,,,,
大功率,奓著頭髮,,,,,,,
大公無私,婞,,,,,,,
大好,婞直,,,,,,,
大紅大紫,崒,,,,,,,
大吉,弇陋,,,,,,,
大吉大利,惛,,,,,,,
大量,惼,,,,,,,
大名鼎鼎,檮昧,,,,,,,
大無畏,獪,,,,,,,
大有文章,哀鴻遍野,,,,,,,
大有希望,矮,,,,,,,
大有益處,礙難,,,,,,,
大有作為,礙眼,,,,,,,
大有裨益,愛搭不理,,,,,,,
帶勁,愛理不理,,,,,,,
帶修辭色彩,暗,,,,,,,
單純,暗暗,,,,,,,
單刀直入,暗沉沉,,,,,,,
單一,暗淡,,,,,,,
膽大,暗地,,,,,,,
淡泊,暗地裡,,,,,,,
淡泊明志,暗黑,,,,,,,
淡泊名利,暗裡,,,,,,,
淡雅,闇昧,,,,,,,
彈性,闇弱,,,,,,,
當,暗無天日,,,,,,,
當紅,暗下,,,,,,,
當面,暗中,,,,,,,
當仁不讓,暗自,,,,,,,
當心,暗朦,,,,,,,
當眾,岸然,,,,,,,
到,骯裡骯髒,,,,,,,
到家,骯髒,,,,,,,
道不拾遺,昂貴,,,,,,,
道道地地,凹凸,,,,,,,
道地,凹凸不平,,,,,,,
得當,傲,,,,,,,
得法,傲岸,,,,,,,
得力,傲慢,,,,,,,
得勢,八面玲瓏,,,,,,,
得體,跋扈,,,,,,,
得天獨厚,霸道,,,,,,,
得心應手,霸氣,,,,,,,
得宜,白,,,,,,,
燈火輝煌,白白,,,,,,,
燈火通明,白痴般,,,,,,,
登峰造極,白搭,,,,,,,
等內,白忙,,,,,,,
低調,白忙活兒,,,,,,,
低價,白衣蒼狗,,,,,,,
低價位,白雲蒼狗,,,,,,,
低廉,百孔千瘡,,,,,,,
低首下心,敗壞,,,,,,,
滴水不漏,稗,,,,,,,
滴水穿石,板板六十四,,,,,,,
地道,板滯,,,,,,,
地地道道,半半拉拉,,,,,,,
地動山搖,半路出家,,,,,,,
地覆天翻,半新不舊,,,,,,,
第一流,半真半假,,,,,,,
典型,薄情,,,,,,,
典型性,薄弱,,,,,,,
典雅,薄倖,,,,,,,
調和,保殘守缺,,,,,,,
調諧,保守,,,,,,,
跌蕩,抱殘守缺,,,,,,,
跌宕,暴,,,,,,,
疊翠,暴烈,,,,,,,
穠,暴虐,,,,,,,
穠豔,暴躁,,,,,,,
丁是丁，卯是卯,暴戾,,,,,,,
頂刮刮,暴戾恣睢,,,,,,,
頂級,爆炸性,,,,,,,
頂尖,悲慘,,,,,,,
頂事,悲觀,,,,,,,
頂數,悲觀地,,,,,,,
頂天立地,悲劇,,,,,,,
頂用,悲涼,,,,,,,
頂呱呱,卑,,,,,,,
鼎鼎大名,卑鄙,,,,,,,
定,卑鄙無恥,,,,,,,
懂禮,卑賤,,,,,,,
懂事,卑劣,,,,,,,
懂行,卑陋,,,,,,,
動平衡,卑怯,,,,,,,
動人,卑俗,,,,,,,
動人心魄,卑瑣,,,,,,,
動人心絃,卑微,,,,,,,
動態各異,卑汙,,,,,,,
動態平衡,卑下,,,,,,,
動聽,卑猥,,,,,,,
斗膽,背地,,,,,,,
豆腐心,背地裡,,,,,,,
逗,背光,,,,,,,
逗人,背後,,,,,,,
獨出心裁,背悔,,,,,,,
獨到,背靜,,,,,,,
獨具慧眼,背靠背,,,,,,,
獨具匠心,背理,,,,,,,
獨具特色,背令,,,,,,,
獨具隻眼,揹人,,,,,,,
度量大,背時,,,,,,,
端,背陰,,,,,,,
端端正正,被動,,,,,,,
端方,被動式,,,,,,,
端靜,被動性,,,,,,,
端麗,本本主義,,,,,,,
端平,笨,,,,,,,
端秀,笨手笨腳,,,,,,,
端雅,笨頭笨腦,,,,,,,
端整,笨重,,,,,,,
端正,笨拙,,,,,,,
端直,比肩接踵,,,,,,,
端重,鄙吝,,,,,,,
端莊,鄙陋,,,,,,,
短平快,鄙俗,,,,,,,
短小精悍,鄙俚,,,,,,,
斷然,蔽塞,,,,,,,
對,閉塞,,,,,,,
對稱,必修,,,,,,,
對號,變化不定,,,,,,,
對勁兒,變化多端,,,,,,,
對頭,變化萬千,,,,,,,
對味兒,變化無常,,,,,,,
墩墩實實,變化無窮,,,,,,,
敦,變幻不定,,,,,,,
敦敦實實,變幻莫測,,,,,,,
敦厚,變幻無常,,,,,,,
敦實,變態,,,,,,,
多才多藝,變相,,,,,,,
多彩,表裡不一,,,,,,,
多快好省,憋拗,,,,,,,
多勞多得,彆彆扭扭,,,,,,,
多情,彆扭,,,,,,,
多情善感,別有用心,,,,,,,
多姿,冰冷,,,,,,,
多姿多采,冰炭不相容,,,,,,,
奪目,秉性剌戾,,,,,,,
扼要,病病歪歪,,,,,,,
恩愛,病弱,,,,,,,
恩恩愛愛,病態,,,,,,,
耳聰目明,病歪歪,,,,,,,
耳熟,病殃殃,,,,,,,
耳熟能詳,病懨懨,,,,,,,
耳聞目睹,波譎雲詭,,,,,,,
爾雅,駁雜,,,,,,,
二話不說,捕風捉影,,,,,,,
二話沒說,不愛交際,,,,,,,
發人深省,不便,,,,,,,
發人深思,不辨菽麥,,,,,,,
發育完全,不才,,,,,,,
發自肺腑,不成材,,,,,,,
發噱,不成功,,,,,,,
法定,不成話,,,,,,,
翻天覆地,不成器,,,,,,,
繁花似錦,不成熟,,,,,,,
繁華,不成體統,,,,,,,
繁茂,不成樣子,,,,,,,
繁榮富強,不打緊,,,,,,,
繁盛,不大重要,,,,,,,
芳,不當,,,,,,,
芳香,不到黃河心不死,,,,,,,
方便,不道德,,,,,,,
方方正正,不得當,,,,,,,
方正,不得勁,,,,,,,
放之四海而皆準,不得了,,,,,,,
菲,不得體,,,,,,,
菲菲,不登大雅之堂,,,,,,,
非常耐久,不等,,,,,,,
非常熱心,不端,,,,,,,
非同小可,不對,,,,,,,
飛快,不對茬兒,,,,,,,
肥,不對稱,,,,,,,
肥美,不對付,,,,,,,
肥沃,不對勁,,,,,,,
匪夷所思,不對頭,,,,,,,
芬芳,不發達,,,,,,,
芬芳襲人,不法,,,,,,,
芬芳馥郁,不方便,,,,,,,
芬香,不分青紅皁白,,,,,,,
分秒必爭,不分皁白,,,,,,,
分明,不負責任,,,,,,,
分文不取,不乾不淨,,,,,,,
分析純,不更事,,,,,,,
奮勇,不公,,,,,,,
豐,不公正,,,,,,,
豐茂,不共戴天,,,,,,,
豐美,不夠格,,,,,,,
豐饒,不夠完善,,,,,,,
豐潤,不夠意思,,,,,,,
豐實,不關痛癢,,,,,,,
豐沃,不管三七二十一,,,,,,,
豐裕,不管用,,,,,,,
丰姿綽約,不光彩,,,,,,,
豐腴,不光明,,,,,,,
鋒快,不規則,,,,,,,
鋒利,不軌,,,,,,,
風度翩翩,不好吃,,,,,,,
風發,不好看,,,,,,,
風風光光,不好客,,,,,,,
風風火火,不好賣,,,,,,,
風光,不好使,,,,,,,
風光如畫,不好聽,,,,,,,
風光旖旎,不好用,,,,,,,
風華正茂,不和,,,,,,,
風景如畫,不和藹,,,,,,,
風流,不和諧,,,,,,,
風流倜儻,不合法,,,,,,,
風靡,不合格,,,,,,,
風平浪靜,不合理,,,,,,,
風起雲湧,不合邏輯,,,,,,,
風趣,不合情理,,,,,,,
風行,不合時令,,,,,,,
風雅,不合時宜,,,,,,,
風雨無阻,不合適,,,,,,,
風姿綽約,不合算,,,,,,,
奉公守法,不合宜,,,,,,,
鳳毛麟角,不合語法,,,,,,,
扶疏,不划算,,,,,,,
服服帖帖,不濟,,,,,,,
服帖,不濟事,,,,,,,
福如東海,不儉省,,,,,,,
負責,不健康,,,,,,,
富,不潔,,,,,,,
富貴,不謹慎,,,,,,,
富甲一方,不近情理,,,,,,,
富可敵國,不近人情,,,,,,,
富麗,不盡,,,,,,,
富麗堂皇,不盡如人意,,,,,,,
富饒,不精確,,,,,,,
富實,不敬,,,,,,,
富庶,不絕如縷,,,,,,,
富有,不均勻,,,,,,,
富有成果,不開化,,,,,,,
富有成效,不堪入耳,,,,,,,
富有彈性,不堪入目,,,,,,,
富裕,不堪設想,,,,,,,
富足,不堪一擊,,,,,,,
婦孺皆知,不堪造就,,,,,,,
蓋了帽,不科學,,,,,,,
蓋帽,不可愛,,,,,,,
乾脆,不可補救,,,,,,,
乾脆利落,不可讀,,,,,,,
乾乾淨淨,不可告人,,,,,,,
乾淨,不可更新,,,,,,,
乾淨利落,不可恢復,,,,,,,
幹練,不可降解,,,,,,,
甘醇,不可接受,,,,,,,
甘美,不可救藥,,,,,,,
甘美多汁,不可理喻,,,,,,,
甘甜,不可逆轉,,,,,,,
甘味,不可容忍,,,,,,,
甘之如飴,不可收拾,,,,,,,
肝膽過人,不可挽回,,,,,,,
感人,不可行,,,,,,,
剛,不可一世,,,,,,,
剛剛,不可逾越,,,,,,,
剛好,不客氣,,,,,,,
剛健,不寬容,,,,,,,
剛勁,不郎不秀,,,,,,,
剛勁有力,不冷不熱,,,,,,,
剛強,不理智,,,,,,,
剛毅,不禮貌,,,,,,,
剛硬,不利,,,,,,,
剛正,不利於健康,,,,,,,
剛正不阿,不力,,,,,,,
剛直,不良,,,,,,,
剛直不阿,不靈敏,,,,,,,
鋼鐵,不靈巧,,,,,,,
綱領性,不流行,,,,,,,
高,不倫不類,,,,,,,
高標號,不美觀,,,,,,,
高標準,不妙,,,,,,,
高層,不民主,,,,,,,
高超,不明不白,,,,,,,
高純,不明顯,,,,,,,
高大,不明智,,,,,,,
高檔,不名一文,,,,,,,
高檔化,不名譽,,,,,,,
高等,不能解救,,,,,,,
高等級,不能容忍,,,,,,,
高階,不寧,,,,,,,
高風峻節,不努力,,,,,,,
高風亮節,不平等,,,,,,,
高高手兒,不平衡,,,,,,,
高貴,不起眼,,,,,,,
高階化,不起眼兒,,,,,,,
高潔,不巧,,,,,,,
高精度,不切實際,,,,,,,
高精尖,不清不白,,,,,,,
高妙,不清不楚,,,,,,,
高明,不清楚,,,,,,,
高強,不清潔,,,,,,,
高強度,不確切,,,,,,,
高人一等,不仁,,,,,,,
高山流水,不仁不義,,,,,,,
高尚,不人道,,,,,,,
高深,不三不四,,,,,,,
高深莫測,不善,,,,,,,
高屋建瓴,不善交際,,,,,,,
高效,不善交談,,,,,,,
高效能,不甚重要,,,,,,,
高效益,不慎,,,,,,,
高新,不勝,,,,,,,
高雅,不適當,,,,,,,
高雅簡樸,不適宜,,,,,,,
高瞻遠矚,不適應,,,,,,,
高質量,不適於居住,,,,,,,
高姿態,不受歡迎,,,,,,,
膏腴,不熟練,,,,,,,
革命,不疼不癢,,,,,,,
革命性,不體面,,,,,,,
個性鮮明,不痛不癢,,,,,,,
各得其所,不透明,,,,,,,
根本,不透氣,,,,,,,
根深蒂固,不妥,,,,,,,
根深柢固,不為人知,,,,,,,
跟腳,不衛生,,,,,,,
更優越,不文明,,,,,,,
耿,不文雅,,,,,,,
耿耿,不穩定,,,,,,,
耿介,不問青紅皁白,,,,,,,
耿介不阿,不問三七二十一,,,,,,,
耿直,不問是非情由,,,,,,,
梗直,不顯眼,,,,,,,
工工整整,不現實,,,,,,,
工巧,不相適應,,,,,,,
工穩,不祥,,,,,,,
工細,不詳,,,,,,,
工整,不詳盡,,,,,,,
工緻,不像話,,,,,,,
功不可沒,不消化,,,,,,,
功德無量,不孝,,,,,,,
恭,不肖,,,,,,,
恭恭敬敬,不協調,,,,,,,
恭謹,不興,,,,,,,
恭順,不行,,,,,,,
公,不幸,,,,,,,
公道,不修邊幅,,,,,,,
公而忘私,不學無術,,,,,,,
公開,不遜,,,,,,,
公平,不雅,,,,,,,
公平正直,不雅觀,,,,,,,
公然,不雅緻,,,,,,,
公允,不要緊,,,,,,,
公正,不一致,,,,,,,
公正客觀,不宜,,,,,,,
鞏固,不宜居住,,,,,,,
勾魂,不宜說出口,,,,,,,
勾魂攝魄,不易,,,,,,,
夠格,不友好,,,,,,,
夠水平,不友善,,,,,,,
夠味兒,不擇手段,,,,,,,
夠意思,不真誠,,,,,,,
鼓舞人心,不真實,,,,,,,
古道熱腸,不貞潔,,,,,,,
古樸,不正常,,,,,,,
古色古香,不正當,,,,,,,
古香古色,不正派,,,,,,,
骨鯁,不正直,,,,,,,
固,不值得羨慕,,,,,,,
固定,不值一文,,,,,,,
固若金湯,不中用,,,,,,,
乖,不重要,,,,,,,
乖覺,不周,,,,,,,
乖巧,不周到,,,,,,,
關鍵,不注意,,,,,,,
關鍵性,不著邊際,,,,,,,
管教好,不著調,,,,,,,
管事,不足道,,,,,,,
管事兒,不足掛齒,,,,,,,
管用,不足輕重,,,,,,,
光,不足取,,,,,,,
光彩,不足為外人道,,,,,,,
光彩奪目,不足為訓,,,,,,,
光彩照人,不羈,,,,,,,
光彩炫目,不稂不莠,,,,,,,
光燦,不虔誠,,,,,,,
光燦燦,才疏學淺,,,,,,,
光風霽月,財迷心竅,,,,,,,
光滑,殘,,,,,,,
光滑滑,殘敗,,,,,,,
光輝,殘暴,,,,,,,
光輝燦爛,殘毒,,,,,,,
光潔,殘酷,,,,,,,
光可鑑人,殘酷無情,,,,,,,
光亮,殘虐,,,,,,,
光亮亮,殘破,,,,,,,
光溜,殘破不全,,,,,,,
光溜溜,殘缺,,,,,,,
光芒萬丈,殘缺不全,,,,,,,
光明,殘忍,,,,,,,
光明磊落,殘損,,,,,,,
光明正大,慘,,,,,,,
光榮,慘不忍睹,,,,,,,
光潤,慘淡,,,,,,,
光閃閃,慘毒,,,,,,,
光鮮,慘絕人寰,,,,,,,
光豔,慘苦,,,,,,,
光耀,慘厲,,,,,,,
廣遠,慘烈,,,,,,,
瑰,慘無人道,,,,,,,
瑰麗,蒼白,,,,,,,
瑰偉,蒼白無力,,,,,,,
瑰瑋,蒼涼,,,,,,,
規範,蒼茫,,,,,,,
鬼,操切,,,,,,,
鬼斧神工,糙,,,,,,,
貴,草,,,,,,,
貴重,草草,,,,,,,
滾瓜爛熟,草荒,,,,,,,
國色天香,草率,,,,,,,
國泰民安,草木皆兵,,,,,,,
國優,策略,,,,,,,
果,策略性,,,,,,,
果斷,差,,,,,,,
果敢,差點兒,,,,,,,
果決,差勁,,,,,,,
過得硬,差可,,,,,,,
過謙,豺狼成性,,,,,,,
過細,豺狼當道,,,,,,,
過硬,纏手,,,,,,,
海枯石爛,顫顫巍巍,,,,,,,
憨,顫顫悠悠,,,,,,,
憨厚,顫巍巍,,,,,,,
憨實,猖,,,,,,,
憨直,猖狂,,,,,,,
含情,長長短短,,,,,,,
含情脈脈,長篇大論,,,,,,,
含蓄,長篇累牘,,,,,,,
含義明確,長線,,,,,,,
涵蓄,超標,,,,,,,
悍,超常,,,,,,,
豪,超然,,,,,,,
豪放,超重,,,,,,,
豪放不羈,朝不保夕,,,,,,,
豪華,朝不謀夕,,,,,,,
豪華型,朝秦暮楚,,,,,,,
豪邁,朝三暮四,,,,,,,
豪爽,潮,,,,,,,
豪壯,吵吵鬧鬧,,,,,,,
豪宕,吵人,,,,,,,
毫不動搖,沉滯,,,,,,,
毫不費力,陳,,,,,,,
毫不利己,陳腐,,,,,,,
毫不畏懼,陳舊,,,,,,,
毫不猶豫,成事不足，敗事有餘,,,,,,,
毫髮不差,逞性,,,,,,,
毫髮不爽,逞性子,,,,,,,
毫髮無損,吃不開,,,,,,,
毫釐不差,吃勁,,,,,,,
毫釐不爽,吃力,,,,,,,
毫無保留地,吃重,,,,,,,
毫無錯誤,痴,,,,,,,
毫無問題,痴痴,,,,,,,
毫無疑義,痴呆,,,,,,,
好辦,痴呆呆,,,,,,,
好吃,痴傻,,,,,,,
好端端,痴愚,,,,,,,
好過,遲鈍,,,,,,,
好好,侈,,,,,,,
好看,侈靡,,,,,,,
好客,侈糜,,,,,,,
好上加好,赤地千里,,,,,,,
好聲好氣,赤裸裸淫穢,,,,,,,
好生生,赤貧,,,,,,,
好使,充滿危機,,,,,,,
好受,衝昏頭腦,,,,,,,
好說話,醜,,,,,,,
好說話兒,醜惡,,,,,,,
好聽,醜陋,,,,,,,
好玩,臭,,,,,,,
好玩兒,臭不可聞,,,,,,,
好笑,臭哄哄,,,,,,,
好心,臭烘烘,,,,,,,
好心腸,臭名遠揚,,,,,,,
好心好意,臭名昭彰,,,,,,,
好用,臭名昭著,,,,,,,
浩,臭氣沖天,,,,,,,
浩大,臭氣熏天,,,,,,,
浩蕩,臭味,,,,,,,
浩然,初出茅廬,,,,,,,
核心,出手闊氣,,,,,,,
和,觸目驚心,,,,,,,
和藹,穿不出去,,,,,,,
和藹可親,穿不得,,,,,,,
和暢,串秧兒,,,,,,,
和風細雨,瘡痍滿目,,,,,,,
和和睦睦,蠢,,,,,,,
和和氣氣,蠢笨,,,,,,,
和緩,蠢頭蠢腦,,,,,,,
和睦,刺鼻,,,,,,,
和平,刺耳,,,,,,,
和氣,刺眼,,,,,,,
和洽,次,,,,,,,
和軟,次等,,,,,,,
和善,從動,,,,,,,
和聲,從心所欲,,,,,,,
和順,從嚴,,,,,,,
和婉,從重,,,,,,,
和祥,粗,,,,,,,
和諧,粗暴,,,,,,,
和顏悅色,粗笨,,,,,,,
和易,粗鄙,,,,,,,
和悅,粗糙,,,,,,,
合當,粗放,,,,,,,
合度,粗拉,,,,,,,
合法,粗裡粗氣,,,,,,,
合格,粗劣,,,,,,,
合乎邏輯,粗陋,,,,,,,
合口,粗魯,,,,,,,
合口味,粗率,,,,,,,
合理,粗蠻,,,,,,,
合拍,粗莽,,,,,,,
合情合理,粗淺,,,,,,,
合情理,粗澀,,,,,,,
合群,粗手笨腳,,,,,,,
合時,粗疏,,,,,,,
合適,粗俗,,,,,,,
合胃口,粗線條,,,,,,,
合宜,粗心,,,,,,,
赫,粗心大意,,,,,,,
赫赫,粗野,,,,,,,
赫赫有名,粗枝大葉,,,,,,,
赫然,粗製濫造,,,,,,,
鶴髮童顏,粗重,,,,,,,
鶴立雞群,粗拙,,,,,,,
黑白分明,粗獷,,,,,,,
很有抱負,促狹,,,,,,,
很有意義,脆弱,,,,,,,
狠,村氣,,,,,,,
狠狠,村野,,,,,,,
恆,寸草不生,,,,,,,
恆定,錯,,,,,,,
恆量,錯亂,,,,,,,
鬨鬧,錯誤,,,,,,,
鴻,錯誤百出,,,,,,,
洪,錯雜,,,,,,,
宏,錯綜,,,,,,,
宏大,錯綜複雜,,,,,,,
宏富,大錯而特錯,,,,,,,
宏麗,大錯特錯,,,,,,,
宏贍,大大咧咧,,,,,,,
宏偉,大而笨拙,,,,,,,
弘,大而化之,,,,,,,
弘大,大而無當,,,,,,,
紅,大海撈針,,,,,,,
紅得發紫,大面額,,,,,,,
紅紅火火,大謬不然,,,,,,,
紅火,大手大腳,,,,,,,
紅旗,大肆,,,,,,,
紅色,大搖大擺,,,,,,,
猴兒精,大意,,,,,,,
厚,大咧咧,,,,,,,
厚道,呆板,,,,,,,
後生可畏,呆笨,,,,,,,
呼之欲出,呆痴,,,,,,,
虎背熊腰,呆呆,,,,,,,
虎虎生氣,呆鈍,,,,,,,
花,呆氣,,,,,,,
花繁葉茂,呆傻,,,,,,,
花好月圓,呆頭呆腦,,,,,,,
花氣襲人,歹,,,,,,,
花容玉貌,歹毒,,,,,,,
花容月貌,帶有敵意,,,,,,,
花哨,殆,,,,,,,
花團錦簇,怠惰,,,,,,,
花香鳥語,單,,,,,,,
花樣翻新,單薄,,,,,,,
花枝招展,單調,,,,,,,
華,單調枯燥,,,,,,,
華貴,單弱,,,,,,,
華麗,膽怯,,,,,,,
華美,膽小,,,,,,,
滑,膽小怕事,,,,,,,
滑不唧溜,膽小如鼠,,,,,,,
滑稽,淡,,,,,,,
滑溜,淡薄,,,,,,,
滑溜溜,淡淡,,,,,,,
滑膩,淡而無味,,,,,,,
滑潤,淡漠,,,,,,,
滑爽,淡然,,,,,,,
滑天下之大稽,誕,,,,,,,
劃時代,蕩,,,,,,,
劃一,刀光劍影,,,,,,,
劃一不二,蹈常襲故,,,,,,,
歡蹦亂跳,倒胃口,,,,,,,
歡洽,道德敗壞,,,,,,,
歡實,道貌岸然,,,,,,,
煥,德行,,,,,,,
黃熟,德性,,,,,,,
煌,得寸進尺,,,,,,,
煌煌,得隴望蜀,,,,,,,
晃眼,得魚忘筌,,,,,,,
輝煌,燈紅酒綠,,,,,,,
回味無窮,燈火闌珊,,,,,,,
慧,等而下之,,,,,,,
慧眼獨具,等外,,,,,,,
繪聲繪色,等因奉此,,,,,,,
繪聲繪影,低,,,,,,,
繪影繪聲,低卑,,,,,,,
婚生,低標準,,,,,,,
渾厚,低層,,,,,,,
渾金璞玉,低檔,,,,,,,
渾樸,低等,,,,,,,
渾然,低端,,,,,,,
渾然一體,低階,,,,,,,
渾身是膽,低賤,,,,,,,
渾俗和光,低劣,,,,,,,
豁,低迷,,,,,,,
豁達,低能,,,,,,,
豁達大度,低人一等,,,,,,,
豁亮,低三下四,,,,,,,
豁然,低聲下氣,,,,,,,
活,低俗,,,,,,,
活便,低下,,,,,,,
活泛,低效,,,,,,,
活靈活現,低效能,,,,,,,
活絡,低值,,,,,,,
活潑,低智,,,,,,,
活生生,低質,,,,,,,
活躍,滴里嘟嚕,,,,,,,
火,敵對,,,,,,,
火暴,地位低下,,,,,,,
火爆,地下,,,,,,,
貨真價實,地獄般,,,,,,,
基,顛倒,,,,,,,
基本,顛連,,,,,,,
基部,顛三倒四,,,,,,,
基礎,凋敝,,,,,,,
基礎性,刁,,,,,,,
基礎紮實,刁惡,,,,,,,
機動,刁悍,,,,,,,
機警,刁滑,,,,,,,
機靈,刁賴,,,,,,,
機敏,刁蠻,,,,,,,
機巧,刁鑽,,,,,,,
機智,刁鑽古怪,,,,,,,
積極,吊兒郎當,,,,,,,
激動人心,調皮,,,,,,,
激進,鼎沸,,,,,,,
雞犬不驚,丟魂,,,,,,,
吉,丟臉,,,,,,,
吉利,丟三落四,,,,,,,
吉慶,東倒西歪,,,,,,,
吉祥,冬烘,,,,,,,
吉祥如意,動盪,,,,,,,
吉星高照,動盪不安,,,,,,,
極好,動魄驚心,,,,,,,
極其流行,動作遲頓,,,,,,,
極神聖,毒,,,,,,,
及格,毒辣,,,,,,,
急公好義,獨裁,,,,,,,
急進,獨斷,,,,,,,
技高一籌,度量小,,,,,,,
濟,短淺,,,,,,,
濟事,短視,,,,,,,
寂,鈍,,,,,,,
寂靜,多變,,,,,,,
寂然,多病,,,,,,,
記實,多事,,,,,,,
既定,多義,,,,,,,
既往不咎,多餘,,,,,,,
佳,惰,,,,,,,
佳麗,惰性,,,,,,,
家給人足,訛,,,,,,,
家喻戶曉,惡毒,,,,,,,
加意,惡貫滿盈,,,,,,,
甲等,惡狠狠,,,,,,,
甲級,惡劣,,,,,,,
價值連城,惡煞煞,,,,,,,
價值千金,噁心,,,,,,,
駕輕就熟,惡濁,,,,,,,
堅,餓殍遍野,,,,,,,
堅不可摧,耳生,,,,,,,
堅持不懈,二把刀,,,,,,,
堅持不渝,二手,,,,,,,
堅定,二五眼,,,,,,,
堅定不移,發狂,,,,,,,
堅固,發膩,,,,,,,
堅固耐用,發育不全,,,,,,,
堅決,乏,,,,,,,
堅強,乏味,,,,,,,
堅強不屈,翻手為雲，覆手為雨,,,,,,,
堅忍,翻雲覆雨,,,,,,,
堅忍不拔,繁複,,,,,,,
堅韌,繁亂,,,,,,,
堅韌不拔,繁難,,,,,,,
堅如磐石,繁冗,,,,,,,
堅實,繁瑣,,,,,,,
堅挺,繁蕪,,,,,,,
堅毅,繁雜,,,,,,,
堅貞,繁重,,,,,,,
堅貞不屈,繁縟,,,,,,,
堅貞不渝,煩難,,,,,,,
尖,煩冗,,,,,,,
尖端,煩瑣,,,,,,,
尖利,煩囂,,,,,,,
尖銳,反,,,,,,,
簡,反常,,,,,,,
簡便,反對稱,,,,,,,
簡便易行,反反覆覆,,,,,,,
簡單,反覆無常,,,,,,,
簡單化,反面,,,,,,,
簡單明瞭,反叛,,,,,,,
簡單易行,反社會,,,,,,,
簡短,犯有罪行,,,,,,,
簡潔,飯桶,,,,,,,
簡括,泛,,,,,,,
簡練,泛泛,,,,,,,
簡略,放誕,,,,,,,
簡明,放蕩,,,,,,,
簡明扼要,放蕩不羈,,,,,,,
簡樸,放浪,,,,,,,
簡要,放肆,,,,,,,
簡易,放縱,,,,,,,
簡約,菲,,,,,,,
儉,菲薄,,,,,,,
儉樸,非,,,,,,,
儉省,非法,,,,,,,
賤,非分,,,,,,,
賤價,非婚生,,,,,,,
見多識廣,非禮,,,,,,,
見機,非人,,,,,,,
見所未見,非生產性,,,,,,,
見微知萌,非正常,,,,,,,
見微知著,非正統,,,,,,,
健,非正義,,,,,,,
健步,廢,,,,,,,
健康,廢弛,,,,,,,
健康美,廢舊,,,,,,,
健朗,廢物,,,,,,,
健美,沸沸揚揚,,,,,,,
健全,費,,,,,,,
健實,費工夫,,,,,,,
健碩,費功夫,,,,,,,
健旺,費勁,,,,,,,
健壯,費力,,,,,,,
建設性,費時,,,,,,,
獎罰分明,費事,,,,,,,
講理,紛,,,,,,,
講禮貌,紛繁,,,,,,,
匠心獨具,紛亂,,,,,,,
嬌,紛擾,,,,,,,
嬌滴滴,紛雜,,,,,,,
嬌好,封閉,,,,,,,
嬌麗,封閉式,,,,,,,
嬌美,封閉型,,,,,,,
嬌媚,封建,,,,,,,
嬌柔,鋒芒畢露,,,,,,,
嬌豔,風吹日曬,,,,,,,
嬌嬈,風刀霜劍,,,,,,,
矯健,風風火火,,,,,,,
矯捷,風流,,,,,,,
腳踏實地,風騷,,,,,,,
較真,風聲鶴唳,,,,,,,
較真兒,風雨飄搖,,,,,,,
叫真,瘋瘋癲癲,,,,,,,
叫真兒,瘋狂,,,,,,,
節儉,瘋狂般,,,,,,,
節節,瘋癲癲,,,,,,,
節省,否,,,,,,,
節約,否定,,,,,,,
傑,膚泛,,,,,,,
傑出,膚皮潦草,,,,,,,
捷,膚淺,,,,,,,
竭誠,浮,,,,,,,
潔,浮泛,,,,,,,
潔淨,浮光掠影,,,,,,,
結結實實,浮滑,,,,,,,
結實,浮皮蹭癢,,,,,,,
結實粗壯,浮漂,,,,,,,
筋道,浮淺,,,,,,,
金碧輝煌,浮躁,,,,,,,
金壁輝煌,浮噪,,,,,,,
金不換,腐敗,,,,,,,
金燦燦,腐敗墮落,,,,,,,
金城湯池,腐臭,,,,,,,
金風送爽,腐惡,,,,,,,
金貴,腐化,,,,,,,
金晃晃,腐化墮落,,,,,,,
金閃閃,腐舊,,,,,,,
金玉,腐爛,,,,,,,
金玉滿堂,腐朽,,,,,,,
緊湊,腐朽沒落,,,,,,,
緊緊,覆雨翻雲,,,,,,,
緊要,復,,,,,,,
錦,複合,,,,,,,
錦簇花團,複合式,,,,,,,
錦繡,複合型,,,,,,,
謹,複雜,,,,,,,
謹慎,複雜多變,,,,,,,
謹嚴,傅會,,,,,,,
謹言慎行,負,,,,,,,
謹飭,負面,,,,,,,
進步,富餘,,,,,,,
近便,附會,,,,,,,
儘可能,嘎,,,,,,,
盡人皆知,該死,,,,,,,
盡如人意,概念化,,,,,,,
盡善盡美,幹,,,,,,,
盡心,乾巴,,,,,,,
盡心竭力,乾巴巴,,,,,,,
盡心盡力,乾癟,,,,,,,
勁,乾癟癟,,,,,,,
兢兢業業,乾乾巴巴,,,,,,,
晶,乾燥,,,,,,,
晶瑩,趕盡殺絕,,,,,,,
晶瑩剔透,剛愎,,,,,,,
精,剛愎自用,,,,,,,
精闢,高昂,,,,,,,
精采,高傲,,,,,,,
精彩,高不成，低不就,,,,,,,
精彩紛呈,高不成低不就,,,,,,,
精誠,高成本,,,,,,,
精粹,高價,,,,,,,
精打細算,高價位,,,,,,,
精當,高難,,,,,,,
精到,高難度,,,,,,,
精雕細刻,高壓,,,,,,,
精幹,疙疙瘩瘩,,,,,,,
精光,疙裡疙瘩,,,,,,,
精悍,隔靴搔癢,,,,,,,
精精神神,勾心鬥角,,,,,,,
精力充沛,苟且,,,,,,,
精練,狗眼看人,,,,,,,
精良,垢,,,,,,,
精靈,夠嗆,,,,,,,
精美,夠戧,,,,,,,
精密,孤,,,,,,,
精妙,孤傲,,,,,,,
精明,孤傲不群,,,,,,,
精明強幹,孤單,,,,,,,
精巧,孤單單,,,,,,,
精確,孤獨,,,,,,,
精深,孤孤單單,,,,,,,
精神,孤寡,,,,,,,
精神百倍,孤寂,,,,,,,
精神飽滿,孤立,,,,,,,
精神抖擻,孤立無援,,,,,,,
精神煥發,孤零零,,,,,,,
精神十足,孤陋寡聞,,,,,,,
精神矍鑠,孤僻,,,,,,,
精衛填海,古怪,,,,,,,
精細,古舊,,,,,,,
精心,古里古怪,,,,,,,
精選,固定不變,,,,,,,
精湛,固執,,,,,,,
精緻,寡,,,,,,,
精製,寡淡,,,,,,,
精壯,寡斷,,,,,,,
精準,寡了叭嘰,,,,,,,
經,寡情,,,,,,,
經常性,寡味,,,,,,,
經濟,寡言,,,,,,,
經濟寬裕,寡言少語,,,,,,,
經久耐用,掛漏,,,,,,,
經心,掛名,,,,,,,
經驗豐富,掛一漏萬,,,,,,,
經意,乖謬,,,,,,,
經用,乖僻,,,,,,,
井井有條,乖張,,,,,,,
井然,乖剌,,,,,,,
井然有序,乖戾,,,,,,,
警,怪里怪氣,,,,,,,
景氣,怪僻,,,,,,,
景色優美,官僚,,,,,,,
靜,官僚主義,,,,,,,
靜寂,光怪陸離,,,,,,,
靜穆,鬼,,,,,,,
靜悄,鬼鬼祟祟,,,,,,,
靜悄悄,鬼計多端,,,,,,,
靜態,鬼頭鬼腦,,,,,,,
靜幽幽,詭,,,,,,,
靜謐,詭計多端,,,,,,,
靖,詭祕,,,,,,,
淨,詭詐,,,,,,,
炯,詭譎,,,,,,,
炯炯,貴,,,,,,,
炯炯有神,過當,,,,,,,
究其實,過分簡單化,,,,,,,
久經考驗,過分擁擠,,,,,,,
拘謹,過河拆橋,,,,,,,
居高臨下,過了氣,,,,,,,
舉止大方,過氣,,,,,,,
舉止端莊,過橋抽板,,,,,,,
舉止文雅,過時,,,,,,,
舉足輕重,哈喇,,,,,,,
據實,孩子氣,,,,,,,
具有歷史意義,海底撈月,,,,,,,
具有吸引力,海底撈針,,,,,,,
具有壓倒性優勢,害,,,,,,,
俱佳,駭人聽聞,,,,,,,
娟,憨,,,,,,,
娟娟,含含糊糊,,,,,,,
娟秀,含含混混,,,,,,,
決定,含糊,,,,,,,
決定性,含糊不清,,,,,,,
決絕,含糊其辭,,,,,,,
決然,含糊其詞,,,,,,,
絕好,含混,,,,,,,
絕佳,含混不清,,,,,,,
絕了,含蓄,,,,,,,
絕妙,涵蓄,,,,,,,
絕色,寒苦,,,,,,,
均,寒素,,,,,,,
均等,寒酸,,,,,,,
均衡,寒微,,,,,,,
均一,寒傖,,,,,,,
均勻,寒磣,,,,,,,
鈞,悍,,,,,,,
俊,悍然,,,,,,,
俊麗,豪,,,,,,,
俊美,豪侈,,,,,,,
俊俏,豪橫,,,,,,,
俊秀,豪強,,,,,,,
開誠佈公,豪奢,,,,,,,
開闊,毫不客氣,,,,,,,
開朗,毫不留情,,,,,,,
開門見山,毫無價值,,,,,,,
開明,毫無目標,,,,,,,
開通,毫無意義,,,,,,,
開拓型,毫無用處,,,,,,,
慨,好不容易,,,,,,,
慨然,好容易,,,,,,,
堪稱第一,好事多磨,,,,,,,
堪稱一絕,黑,,,,,,,
康,黑暗,,,,,,,
康健,黑沉沉,,,,,,,
康樂,黑燈瞎火,,,,,,,
康泰,黑洞洞,,,,,,,
慷慨,黑咕隆咚,,,,,,,
靠得住,黑乎乎,,,,,,,
科學,黑茫茫,,,,,,,
可,黑濛濛,,,,,,,
可愛,黑漆寥光,,,,,,,
可歌可泣,黑漆漆,,,,,,,
可觀,黑森森,,,,,,,
可貴,黑心,,,,,,,
可嘉,黑心腸,,,,,,,
可敬,黑黝黝,,,,,,,
可靠,狠,,,,,,,
可口,狠毒,,,,,,,
可樂,狠勁,,,,,,,
可能,狠心,,,,,,,
可親,橫,,,,,,,
可圈可點,橫暴,,,,,,,
可塑,橫加,,,,,,,
可統一,橫蠻無理,,,,,,,
可喜,橫七豎八,,,,,,,
可笑,鬨然,,,,,,,
可心,猴,,,,,,,
可信,後患無窮,,,,,,,
可信賴,後進,,,,,,,
可信任,呼么喝六,,,,,,,
可以信賴,胡,,,,,,,
可意,胡里胡塗,,,,,,,
刻苦,胡亂,,,,,,,
刻意,鬍子拉茬,,,,,,,
客觀,鬍子拉碴,,,,,,,
客觀上,糊糊塗塗,,,,,,,
客氣,糊里糊塗,,,,,,,
肯幹,糊塗,,,,,,,
懇,虎踞龍蟠,,,,,,,
懇切,虎頭蛇尾,,,,,,,
懇摯,花,,,,,,,
空靈,花插著,,,,,,,
空前,花搭著,,,,,,,
空前絕後,花花搭搭,,,,,,,
口緊,花裡胡哨,,,,,,,
扣人心絃,花錢浪費,,,,,,,
苦,花拳繡腿,,,,,,,
苦口婆心,花天酒地,,,,,,,
苦苦,花心,,,,,,,
苦心,譁然,,,,,,,
苦心孤詣,華,,,,,,,
酷,華而不實,,,,,,,
快刀斬亂麻,猾,,,,,,,
快捷,滑,,,,,,,
快人快語,滑頭,,,,,,,
寬,滑頭滑腦,,,,,,,
寬大,懷著惡意,,,,,,,
寬洪,壞,,,,,,,
寬宏,壞脾氣,,,,,,,
寬宏大量,壞人當道,,,,,,,
寬厚,幻,,,,,,,
寬懷,幻異,,,,,,,
寬容,荒誕,,,,,,,
款洽,荒誕不經,,,,,,,
匡,荒誕派,,,,,,,
狂放,荒誕無稽,,,,,,,
狂亂,荒寂,,,,,,,
狂熱,荒涼,,,,,,,
曠達,荒亂,,,,,,,
闊,荒落,,,,,,,
來得,荒謬,,,,,,,
來勁,荒謬絕倫,,,,,,,
來者不拒,荒漠,,,,,,,
爛漫,荒僻,,,,,,,
爛熟,荒棄,,,,,,,
朗,荒疏,,,,,,,
勞苦功高,荒唐,,,,,,,
牢,荒唐無稽,,,,,,,
牢固,荒無人煙,,,,,,,
牢靠,荒蕪,,,,,,,
牢牢,荒淫,,,,,,,
牢穩,荒淫無恥,,,,,,,
老成,荒淫無度,,,,,,,
老成練達,荒瘠,,,,,,,
老誠,黃色,,,,,,,
老當益壯,晃晃悠悠,,,,,,,
老到,晃悠悠,,,,,,,
老而彌堅,恍恍惚惚,,,,,,,
老辣,恍惚,,,,,,,
老老實實,謊,,,,,,,
老練,灰暗,,,,,,,
老馬識途,灰沉沉,,,,,,,
老謀深算,灰茫茫,,,,,,,
老牌,灰濛濛,,,,,,,
老實,灰色,,,,,,,
老於世故,灰禿禿,,,,,,,
樂觀,灰朦朦,,,,,,,
樂融融,慧黠,,,,,,,
樂善好施,晦,,,,,,,
樂天,晦暗,,,,,,,
雷打不動,晦澀,,,,,,,
磊落,晦冥,,,,,,,
理所當然,晦暝,,,,,,,
理想,穢,,,,,,,
理想化,穢惡,,,,,,,
理性,穢亂,,,,,,,
理智,穢土,,,,,,,
禮節性,穢褻,,,,,,,
禮貌,會來事,,,,,,,
禮貌性,昏,,,,,,,
麗,昏暗,,,,,,,
歷歷,昏沉,,,,,,,
歷歷可數,昏黑,,,,,,,
歷史性,昏亂,,,,,,,
利,昏昧,,,,,,,
利齒,昏天黑地,,,,,,,
利害攸關,昏頭昏腦,,,,,,,
利口,昏庸,,,,,,,
利落,昏憒,,,,,,,
利索,昏聵,,,,,,,
利他,婚外,,,,,,,
利嘴,渾,,,,,,,
力透紙背,渾渾噩噩,,,,,,,
廉,渾頭渾腦,,,,,,,
廉價,渾濁,,,,,,,
廉潔,渾噩,,,,,,,
廉潔奉公,混,,,,,,,
廉明,混合,,,,,,,
練達,混混沌沌,,,,,,,
良,混交,,,,,,,
良好,混亂,,,,,,,
良善,混淆不清,,,,,,,
良性,混血,,,,,,,
兩袖清風,混賬,,,,,,,
亮,混濁,,,,,,,
亮光光,混沌,,,,,,,
亮晃晃,活動,,,,,,,
亮晶晶,火暴,,,,,,,
亮麗,火爆,,,,,,,
亮亮堂堂,禍不單行,,,,,,,
亮閃閃,禍從天降,,,,,,,
亮堂,機變,,,,,,,
亮堂堂,機械,,,,,,,
了當,機械式,,,,,,,
瞭然,機械性,,,,,,,
料事如神,畸,,,,,,,
烈,畸輕畸重,,,,,,,
琳琅滿目,畸形,,,,,,,
淋漓,積滿灰塵,,,,,,,
淋漓盡致,積重難返,,,,,,,
玲瓏,雞零狗碎,,,,,,,
玲瓏剔透,雞毛蒜皮,,,,,,,
伶俐,雞犬不留,,,,,,,
靈,雞犬不寧,,,,,,,
靈便,棘手,,,,,,,
靈光,急不可待,,,,,,,
靈活,急功近利,,,,,,,
靈活機動,急切,,,,,,,
靈捷,急性子,,,,,,,
靈快,急於,,,,,,,
靈敏,急躁,,,,,,,
靈巧,疾言厲色,,,,,,,
靈透,擠,,,,,,,
靈秀,擠巴,,,,,,,
靈驗,擠得水洩不通,,,,,,,
令人大開眼界,擠得要命,,,,,,,
令人高興,擠擠插插,,,,,,,
令人鼓舞,擠滿,,,,,,,
令人滿意,寂,,,,,,,
令人欽佩,寂寥,,,,,,,
令人神往,寂寞,,,,,,,
令人羨慕,忌刻,,,,,,,
令人信服,夾七夾八,,,,,,,
令人矚目,家長式,,,,,,,
溜,家貧如洗,,,,,,,
溜光,家徒壁立,,,,,,,
溜光水滑,家徒四壁,,,,,,,
溜滑,假,,,,,,,
流暢,假冒,,,,,,,
流芳百世,假模假式,,,,,,,
流芳後世,假仁假義,,,,,,,
流芳千古,假想,,,,,,,
流利,假惺惺,,,,,,,
流行,假意,,,,,,,
龍飛鳳舞,假造,,,,,,,
龍騰虎躍,假正經,,,,,,,
隆,假裝神聖,,,,,,,
隆重,價高,,,,,,,
陋,價格不菲,,,,,,,
爐火純青,價格高昂,,,,,,,
露骨,架空,,,,,,,
路不拾遺,尖刻,,,,,,,
路人皆知,尖酸,,,,,,,
履險如夷,尖酸刻薄,,,,,,,
率,尖嘴薄舌,,,,,,,
率真,尖嘴猴腮,,,,,,,
率直,間不容髮,,,,,,,
綠色,間雜,,,,,,,
略,肩摩轂擊,,,,,,,
鑼鼓喧天,艱,,,,,,,
落落大方,艱鉅,,,,,,,
落拓不羈,艱苦,,,,,,,
麻利,艱苦卓絕,,,,,,,
麻麻亮,艱難,,,,,,,
脈脈,艱難曲折,,,,,,,
脈脈含情,艱難險阻,,,,,,,
滿口,艱澀,,,,,,,
滿腔熱忱,艱深,,,,,,,
滿腔熱情,艱危,,,,,,,
滿腔熱血,艱辛,,,,,,,
滿園春色,奸,,,,,,,
曼,奸刁,,,,,,,
曼妙,奸惡,,,,,,,
慢條斯理,奸猾,,,,,,,
莽莽,奸險,,,,,,,
茂,奸邪,,,,,,,
茂密,奸詐,,,,,,,
茂盛,奸佞,,,,,,,
冒尖,簡單,,,,,,,
沒錯兒,簡陋,,,,,,,
沒的說,簡慢,,,,,,,
沒分開,賤,,,,,,,
沒弄髒,見不得人,,,,,,,
沒說的,見風使舵,,,,,,,
沒有攙雜,見風轉舵,,,,,,,
沒有負擔,見識短淺,,,,,,,
沒有說的,見異思遷,,,,,,,
沒有拖累,劍拔弩張,,,,,,,
沒有阻礙,僵,,,,,,,
眉清目秀,僵化,,,,,,,
美不勝收,僵硬,,,,,,,
美觀,膠柱鼓瑟,,,,,,,
美麗,澆薄,,,,,,,
美輪美奐,澆漓,,,,,,,
美滿,驕,,,,,,,
美貌,驕傲,,,,,,,
美妙,驕傲自滿,,,,,,,
美味,驕橫,,,,,,,
美味可口,驕慢,,,,,,,
媚人,驕氣,,,,,,,
迷人,驕人,,,,,,,
彌足珍貴,驕奢淫逸,,,,,,,
蜜,驕縱,,,,,,,
密,驕矜,,,,,,,
密切,嬌,,,,,,,
綿和,嬌痴,,,,,,,
綿密,嬌貴,,,,,,,
綿甜,嬌憨,,,,,,,
免費,嬌嫩,,,,,,,
免票,嬌氣,,,,,,,
面善,嬌弱,,,,,,,
面熟,嬌生慣養,,,,,,,
妙,矯情,,,,,,,
妙不可言,矯情造作,,,,,,,
妙趣橫生,矯揉造作,,,,,,,
民主,僥,,,,,,,
敏,狡,,,,,,,
敏慧,狡猾,,,,,,,
敏捷,狡計多端,,,,,,,
敏銳,狡兔三窟,,,,,,,
敏悟,狡詐,,,,,,,
明,狡獪,,,,,,,
明白,狡黠,,,,,,,
明白了當,揭不開鍋,,,,,,,
明白無誤,竭蹶,,,,,,,
明擺著,潔身自好,,,,,,,
明燦燦,結結巴巴,,,,,,,
明暢,斤斤計較,,,,,,,
明澈,金剛努目,,,,,,,
明處,緊,,,,,,,
明窗淨几,緊巴,,,,,,,
明達,緊巴巴,,,,,,,
明晃晃,近視,,,,,,,
明慧,荊棘載途,,,,,,,
明火執仗,驚爆,,,,,,,
明淨,驚人,,,,,,,
明快,驚天動地,,,,,,,
明快生動,驚險,,,,,,,
明朗,精力枯竭,,,,,,,
明朗朗,精神不振,,,,,,,
明理,精神溜號,,,,,,,
明麗,經濟拮据,,,,,,,
明亮,經驗不足,,,,,,,
明亮亮,靜僻,,,,,,,
明瞭,淨餘,,,,,,,
明碼,窘促,,,,,,,
明媚,窘急,,,,,,,
明面,窘困,,,,,,,
明面上,窘澀,,,,,,,
明明,舊,,,,,,,
明明白白,舊式,,,,,,,
明目張膽,拘,,,,,,,
明確,拘禮,,,,,,,
明人不做暗事,拘執,,,,,,,
明文,狙,,,,,,,
明晰,拒人於千里之外,,,,,,,
明細,劇毒,,,,,,,
明顯,倔,,,,,,,
明豔,倔強,,,,,,,
明智,倔頭倔腦,,,,,,,
明睿,絕,,,,,,,
名,絕情,,,,,,,
名不虛傳,峻,,,,,,,
名垂千古,開小差,,,,,,,
名垂青史,坎坷,,,,,,,
名副其實,坎坷不平,,,,,,,
名貴,看風使舵,,,,,,,
名牌,糠,,,,,,,
名聲大,亢,,,,,,,
名聲大振,靠不住,,,,,,,
名實相符,苛,,,,,,,
名特優,苛刻,,,,,,,
名特優新,磕磕絆絆,,,,,,,
名譽,磕頭碰腦,,,,,,,
名正言順,可悲,,,,,,,
摩登,可鄙,,,,,,,
莫測高深,可怖,,,,,,,
目光炯炯,可恥,,,,,,,
目光如炬,可惡,,,,,,,
目光遠大,可駭,,,,,,,
目光灼灼,可恨,,,,,,,
目無全牛,可驚,,,,,,,
睦,可怕,,,,,,,
穆,可嘆,,,,,,,
拿手,可有可無,,,,,,,
耐穿,可憎,,,,,,,
耐久,刻板,,,,,,,
耐人尋味,刻薄,,,,,,,
耐用,刻毒,,,,,,,
難能可貴,刻舟求劍,,,,,,,
內斂,坑坑窪窪,,,,,,,
內向,坑窪,,,,,,,
內向型,坑窪不平,,,,,,,
內行,空,,,,,,,
內秀,空洞,,,,,,,
能,空洞洞,,,,,,,
能動,空洞無聊,,,,,,,
能幹,空洞無物,,,,,,,
膩,空乏,,,,,,,
蔫不出溜,空泛,,,,,,,
蔫不溜,空幻,,,,,,,
蔫不悄兒,空空洞洞,,,,,,,
蔫不聲,空落落,,,,,,,
蔫不唧兒,空頭,,,,,,,
年富力強,空虛,,,,,,,
年高德劭,空中樓閣,,,,,,,
鳥語花香,恐怖,,,,,,,
凝,摳,,,,,,,
凝神,摳門兒,,,,,,,
凝重,摳搜,,,,,,,
寧,摳唆,,,,,,,
寧靜,口蜜腹劍,,,,,,,
濃麗,口是心非,,,,,,,
濃香,口頭上,,,,,,,
濃豔,枯,,,,,,,
怕事,枯寂,,,,,,,
排場,枯澀,,,,,,,
排列有序,枯燥,,,,,,,
排列整齊,枯燥乏味,,,,,,,
判斷正確,枯燥無味,,,,,,,
配得上,枯槁,,,,,,,
噴噴香,苦,,,,,,,
噴香,苦不唧,,,,,,,
蓬勃,苦口,,,,,,,
蓬勃向上,苦苦,,,,,,,
蓬蓬勃勃,酷,,,,,,,
蓬茸,酷烈,,,,,,,
披肝瀝膽,酷虐,,,,,,,
披瀝,夸誕,,,,,,,
芃芃,狂,,,,,,,
皮實,狂傲,,,,,,,
偏,狂暴,,,,,,,
偏偏,狂蕩,,,,,,,
偏要,狂妄,,,,,,,
飄灑,狂妄自大,,,,,,,
飄逸,狂躁,,,,,,,
漂亮,狂悖,,,,,,,
品學兼優,狂恣,,,,,,,
平,困頓,,,,,,,
平安,困苦,,,,,,,
平安無事,困難,,,,,,,
平板,困難重重,,,,,,,
平等,困人,,,,,,,
平等地,闊綽,,,,,,,
平等互利,闊氣,,,,,,,
平和,拉忽,,,,,,,
平衡,拉拉雜雜,,,,,,,
平滑,拉雜,,,,,,,
平緩,辣,,,,,,,
平靜,辣手,,,,,,,
平平安安,來路不明,,,,,,,
平平靜靜,來之不易,,,,,,,
平實,賴皮,,,,,,,
平坦,懶,,,,,,,
平穩,懶到極點,,,,,,,
平心靜氣,懶惰,,,,,,,
平易,懶散,,,,,,,
平易近人,爛,,,,,,,
平允,濫,,,,,,,
平展,狼狽,,,,,,,
平整,狼狽不堪,,,,,,,
評價頗高,狼籍,,,,,,,
屏氣凝神,狼藉,,,,,,,
屏聲息氣,狼心狗肺,,,,,,,
屏息靜氣,浪,,,,,,,
潑悍,浪蕩,,,,,,,
潑辣,勞而無功,,,,,,,
頗為重要,老,,,,,,,
破釜沉舟,老大難,,,,,,,
樸,老掉牙,,,,,,,
樸厚,老趕,,,,,,,
朴茂,老虎屁股摸不得,,,,,,,
樸實,老奸巨猾,,,,,,,
樸實無華,老奸巨滑,,,,,,,
樸素,老辣,,,,,,,
樸直,老派,,,,,,,
樸質,老氣,,,,,,,
樸拙,老氣橫秋,,,,,,,
其樂融融,老弱病殘,,,,,,,
其樂無窮,老實,,,,,,,
其實,老式,,,,,,,
奇貨可居,老朽,,,,,,,
奇妙,累卵,,,,,,,
奇巧,累贅,,,,,,,
齊,累牘連篇,,,,,,,
齊備,冷,,,,,,,
齊楚,冷冰冰,,,,,,,
齊全,冷峻,,,,,,,
齊刷刷,冷酷,,,,,,,
齊整,冷酷無情,,,,,,,
旗幟鮮明,冷冷,,,,,,,
起眼兒,冷冷清清,,,,,,,
器宇不凡,冷厲,,,,,,,
器宇軒昂,冷落,,,,,,,
氣衝霄漢,冷門,,,,,,,
氣度不凡,冷漠,,,,,,,
氣度恢宏,冷峭,,,,,,,
氣概不凡,冷清,,,,,,,
氣貫長虹,冷清清,,,,,,,
氣派,冷若冰霜,,,,,,,
氣魄,冷銷,,,,,,,
氣吞山河,冷血,,,,,,,
氣象萬千,冷噤,,,,,,,
氣宇軒昂,離索,,,,,,,
恰,離題,,,,,,,
恰當,離心離德,,,,,,,
恰到好處,理虧,,,,,,,
恰如其分,理屈,,,,,,,
千方百計,理屈詞窮,,,,,,,
千嬌百媚,理由不充分,,,,,,,
千依百順,裡出外進,,,,,,,
千真萬確,厲,,,,,,,
千姿百態,厲害,,,,,,,
謙,厲聲,,,,,,,
謙卑,利令智昏,,,,,,,
謙誠,利已,,,,,,,
謙恭,利慾薰心,,,,,,,
謙和,哩哩啦啦,,,,,,,
謙順,哩哩羅羅,,,,,,,
謙虛,哩溜歪斜,,,,,,,
謙虛謹慎,連篇累牘,,,,,,,
謙遜,良莠不齊,,,,,,,
前程似錦,兩面光,,,,,,,
前程萬里,兩面三刀,,,,,,,
前所未見,寥,,,,,,,
前所未聞,寥寂,,,,,,,
前所未有,潦草,,,,,,,
前衛,了不得,,,,,,,
前無古人,了不起,,,,,,,
潛心,烈,,,,,,,
淺,烈性子,,,,,,,
淺近,劣,,,,,,,
淺顯,劣等,,,,,,,
淺易,劣質,,,,,,,
強,劣中之劣,,,,,,,
強大,鱗狀,,,,,,,
強固,凜,,,,,,,
強悍,凜凜,,,,,,,
強健,凜然,,,,,,,
強勢,吝,,,,,,,
強硬,吝嗇,,,,,,,
強有力,零,,,,,,,
強壯,零丁,,,,,,,
強壯有力,零零散散,,,,,,,
搶眼,零零碎碎,,,,,,,
悄,零亂,,,,,,,
悄沒聲,零落,,,,,,,
悄悄,零七八碎,,,,,,,
悄然,零散,,,,,,,
悄聲,零碎,,,,,,,
巧,零星,,,,,,,
巧奪天工,伶仃,,,,,,,
巧妙,凌亂,,,,,,,
俏,凌雜,,,,,,,
俏麗,令人不安,,,,,,,
俏美,令人齒冷,,,,,,,
俏皮,令人噁心,,,,,,,
切身,令人髮指,,,,,,,
切題,令人費解,,,,,,,
親切,令人寒心,,,,,,,
親切友好,令人敬畏,,,,,,,
親善,令人睏倦,,,,,,,
親暱,令人毛骨悚然,,,,,,,
勤,令人惱火,,,,,,,
勤奮,令人疲倦,,,,,,,
勤懇,令人生氣,,,,,,,
勤快,令人生厭,,,,,,,
勤勞,令人討厭,,,,,,,
勤勉,令人厭惡,,,,,,,
勤勤懇懇,令人厭倦,,,,,,,
沁人心脾,令人遺憾,,,,,,,
沁入肺腑,令人折斷腰,,,,,,,
輕,令人窒息,,,,,,,
輕薄透明,令人作嘔,,,,,,,
輕車熟路,溜號,,,,,,,
輕而易舉,流裡流氣,,,,,,,
輕健,流氣,,,,,,,
輕捷,六親不認,,,,,,,
輕靈,婁,,,,,,,
輕悄悄,漏洞百出,,,,,,,
輕巧,陋,,,,,,,
輕輕,魯,,,,,,,
輕輕地,魯鈍,,,,,,,
輕輕鬆鬆,魯莽,,,,,,,
輕柔,碌,,,,,,,
輕手輕腳,碌碌,,,,,,,
輕鬆,碌碌無為,,,,,,,
輕易,驢脣不對馬嘴,,,,,,,
輕盈,率,,,,,,,
輕悠悠,率爾,,,,,,,
傾國傾城,率然,,,,,,,
傾情,亂成一團,,,,,,,
清,亂紛紛,,,,,,,
清白,亂哄哄,,,,,,,
清徹,亂烘烘,,,,,,,
清澈,亂乎,,,,,,,
清澈見底,亂了營,,,,,,,
清楚,亂亂哄哄,,,,,,,
清醇,亂虐並生,,,,,,,
清純,亂蓬蓬,,,,,,,
清脆,亂七八糟,,,,,,,
清淡,亂套,,,,,,,
清潔,亂騰,,,,,,,
清潔衛生,亂騰騰,,,,,,,
清靜,亂雜,,,,,,,
清淨,亂糟糟,,,,,,,
清口,亂真,,,,,,,
清朗,亂嘈嘈,,,,,,,
清麗,落後,,,,,,,
清廉,落落寡合,,,,,,,
清亮,落寞,,,,,,,
清亮亮,落市,,,,,,,
清凌凌,落俗套,,,,,,,
清明,落套,,,,,,,
清平,落拓,,,,,,,
清切,落伍,,,,,,,
清通,麻,,,,,,,
清婉,麻痺,,,,,,,
清晰,麻煩,,,,,,,
清晰可辨,麻麻黑,,,,,,,
清晰明瞭,麻木,,,,,,,
清香,麻木不仁,,,,,,,
清新,馬虎,,,,,,,
清新淡雅,馬馬虎虎,,,,,,,
清醒,賣不掉,,,,,,,
清秀,賣不動,,,,,,,
清雅,蠻,,,,,,,
清一色,蠻不講理,,,,,,,
清幽,蠻悍,,,,,,,
清幽幽,蠻橫,,,,,,,
清越,蠻橫無理,,,,,,,
清湛,蠻荒,,,,,,,
清真,滿,,,,,,,
清正,滿臉橫肉,,,,,,,
清馨,滿目瘡痍,,,,,,,
情文並茂,漫,,,,,,,
情意懇摯,漫不經心,,,,,,,
情真意切,漫不經意,,,,,,,
秋毫無犯,漫無邊際,,,,,,,
求實,漫無目標,,,,,,,
求真務實,漫無目的,,,,,,,
求之不得,漫漶,,,,,,,
曲線美,謾,,,,,,,
趣,茫,,,,,,,
趣味盎然,茫茫,,,,,,,
權變,茫茫然,,,,,,,
權威性,盲目,,,,,,,
權宜,盲人瞎馬,,,,,,,
全,莽,,,,,,,
全能,莽蒼,,,,,,,
全身心,莽莽蒼蒼,,,,,,,
全神貫注,莽莽撞撞,,,,,,,
全始全終,莽撞,,,,,,,
全新,貓哭老鼠,,,,,,,
全心全意,毛,,,,,,,
全知全能,毛糙,,,,,,,
拳拳,毛毛躁躁,,,,,,,
確,毛手毛腳,,,,,,,
確當,毛頭毛腦,,,,,,,
確定,毛躁,,,,,,,
確定不移,冒,,,,,,,
確定性,冒牌,,,,,,,
確切,冒失,,,,,,,
確切無疑,冒險,,,,,,,
確確實實,冒有風險,,,,,,,
確實,貌似強大,,,,,,,
確實可靠,貌似真實的,,,,,,,
確有其事,貿貿然,,,,,,,
確鑿,貿然,,,,,,,
確鑿無疑,沒邊兒,,,,,,,
群威群膽,沒出息,,,,,,,
群言堂,沒骨頭,,,,,,,
饒,沒關係,,,,,,,
饒富,沒好氣,,,,,,,
饒爽,沒見過世面,,,,,,,
饒沃,沒教養,,,,,,,
饒有風趣,沒勁,,,,,,,
饒有興味,沒理,,,,,,,
饒有興致,沒禮貌,,,,,,,
饒有餘韻,沒良心,,,,,,,
擾攘,沒兩下子,,,,,,,
繞圈子,沒輕沒重,,,,,,,
熱,沒什麼了不得,,,,,,,
熱誠,沒什麼了不起,,,,,,,
熱點,沒受過教育,,,,,,,
熱和,沒頭沒腦,,,,,,,
熱乎,沒頭腦,,,,,,,
熱火,沒味,,,,,,,
熱火朝天,沒心沒肺,,,,,,,
熱烈,沒心眼兒,,,,,,,
熱門,沒用,,,,,,,
熱鬧,沒有教養,,,,,,,
熱切,沒有禮貌,,,,,,,
熱情,沒有頭腦,,,,,,,
熱情洋溢,沒有學問,,,,,,,
熱熱鬧鬧,沒有勇氣,,,,,,,
熱心腸,媚俗,,,,,,,
熱血,悶氣,,,,,,,
仁,矇昧,,,,,,,
仁愛,濛濛,,,,,,,
仁慈,濛濛朧朧,,,,,,,
仁厚,蒙朧,,,,,,,
仁義,孟浪,,,,,,,
仁至義盡,靡麗,,,,,,,
人道,靡靡,,,,,,,
人給家足,糜,,,,,,,
人和,糜爛,,,,,,,
人歡馬叫,迷濛,,,,,,,
人來人往,迷宮般,,,,,,,
人山人海,迷糊,,,,,,,
人壽年豐,迷離,,,,,,,
韌,迷離撲朔,,,,,,,
任勞任怨,迷離倘恍,,,,,,,
任性,迷漫,,,,,,,
任意,迷茫,,,,,,,
認認真真,迷濛蒙,,,,,,,
認真,迷迷糊糊,,,,,,,
榮,迷迷茫茫,,,,,,,
榮幸,迷迷濛濛,,,,,,,
融和,迷迷怔怔,,,,,,,
融洽,彌天,,,,,,,
容人,米珠薪桂,,,,,,,
容易,祕,,,,,,,
柔,祕密,,,,,,,
柔和,密,,,,,,,
柔滑,密不透風,,,,,,,
柔曼,綿裡藏針,,,,,,,
柔美,綿軟,,,,,,,
柔媚,勉勉強強,,,,,,,
柔韌,勉強,,,,,,,
柔順,面呈病色,,,,,,,
柔婉,面黃肌瘦,,,,,,,
柔中有剛,面目可憎,,,,,,,
肉墩墩,面目猙獰,,,,,,,
儒雅,面色蠟黃,,,,,,,
如初,面生,,,,,,,
如故,面無表情,,,,,,,
如虎添翼,藐小,,,,,,,
如花似錦,渺,,,,,,,
如花似玉,渺茫,,,,,,,
如舊,渺渺,,,,,,,
如雷貫耳,渺然,,,,,,,
如期,渺若煙雲,,,,,,,
如實,渺小,,,,,,,
如數家珍,滅絕人性,,,,,,,
如飲醍醐,明哲保身,,,,,,,
如魚得水,名不副實,,,,,,,
入耳,名過其實,,,,,,,
入畫,名義,,,,,,,
入理,名義上,,,,,,,
入木三分,名譽掃地,,,,,,,
入情入理,命苦,,,,,,,
入時,謬,,,,,,,
入微,模糊,,,,,,,
入味,模糊不清,,,,,,,
入眼,模稜兩可,,,,,,,
軟,摩肩接踵,,,,,,,
軟心腸,魔鬼般,,,,,,,
瑞,魔怔,,,,,,,
銳,莫須有,,,,,,,
銳利,墨,,,,,,,
銳敏,漠,,,,,,,
銳意,漠不關心,,,,,,,
潤,漠漠,,,,,,,
灑脫,漠然,,,,,,,
三思而後行,寞,,,,,,,
三思而行,陌生,,,,,,,
三下五除二,暮氣,,,,,,,
嗓子好,暮氣沉沉,,,,,,,
森然,暮色蒼茫,,,,,,,
森森,幕後,,,,,,,
山明水秀,木,,,,,,,
山清水秀,木雕泥塑,,,,,,,
山搖地動,木頭木腦,,,,,,,
閃亮,木訥,,,,,,,
閃閃,目不識丁,,,,,,,
擅場,目光短淺,,,,,,,
善,目光如豆,,,,,,,
善交際,目光凶狠,,,,,,,
善良,目空一切,,,,,,,
善始善終,目無餘子,,,,,,,
善意,目中無人,,,,,,,
賞罰分明,拿腔拿調,,,,,,,
賞罰嚴明,拿腔作勢,,,,,,,
賞心悅目,奶聲奶氣,,,,,,,
上,男盜女娼,,,,,,,
上乘,難吃,,,,,,,
上等,難看,,,,,,,
上趕,難人,,,,,,,
上趕著,難上加難,,,,,,,
上好,難上難,,,,,,,
上勁,難說話,,,,,,,
上鏡,難聽,,,,,,,
上流,難聞,,,,,,,
上品,難相處,,,,,,,
上色,難馴服,,,,,,,
上上,難以,,,,,,,
上相,難以溝通,,,,,,,
上照,囊空如洗,,,,,,,
捎帶,囊中羞澀,,,,,,,
韶,鬧,,,,,,,
韶秀,鬧得慌,,,,,,,
少不得,鬧哄哄,,,,,,,
少不了,鬧鬧哄哄,,,,,,,
裝置齊全,鬧鬧嚷嚷,,,,,,,
伸縮,鬧嚷嚷,,,,,,,
身強力壯,嫩,,,,,,,
身強體壯,泥沙俱下,,,,,,,
身手不凡,你死我活,,,,,,,
身體結實,匿名,,,,,,,
身心健康,膩人,,,,,,,
深,逆,,,,,,,
深奧,逆耳,,,,,,,
深藏若虛,蔫不唧兒,,,,,,,
深長,蔫兒壞,,,,,,,
深沉,蔫頭耷腦,,,,,,,
深刻,拈輕怕重,,,,,,,
深切,年久失修,,,,,,,
深入淺出,鳥盡弓藏,,,,,,,
深入人心,獰,,,,,,,
深透,獰惡,,,,,,,
深遠,凝滯,,,,,,,
深湛,濘,,,,,,,
深摯,牛,,,,,,,
深邃,牛氣,,,,,,,
神,扭扭捏捏,,,,,,,
神奧,奴顏婢膝,,,,,,,
神采飛揚,虐,,,,,,,
神采煥發,懦,,,,,,,
神采奕奕,懦怯,,,,,,,
神工鬼斧,懦弱,,,,,,,
神妙,盤根錯節,,,,,,,
神氣,龐雜,,,,,,,
神聖,旁若無人,,,,,,,
神聖不可侵犯,配不上,,,,,,,
神通廣大,蓬亂,,,,,,,
神勇,蓬散,,,,,,,
審慎,蓬首垢面,,,,,,,
慎,蓬頭垢面,,,,,,,
慎重,蓬頭散發,,,,,,,
聲名大噪,脾氣暴,,,,,,,
聲名大振,脾氣爆躁,,,,,,,
聲情並茂,脾氣壞,,,,,,,
聲勢浩大,脾氣火暴,,,,,,,
生長完全,脾氣急躁,,,,,,,
生動,皮,,,,,,,
生動活潑,皮毛,,,,,,,
生花妙筆,皮相,,,,,,,
生機盎然,僻,,,,,,,
生機勃勃,僻靜,,,,,,,
生龍活虎,偏,,,,,,,
生猛,偏激,,,,,,,
生氣勃勃,偏頗,,,,,,,
生殺予奪,偏聽偏信,,,,,,,
生死,偏狹,,,,,,,
生死不渝,偏斜,,,,,,,
生死攸關,偏心,,,,,,,
生意盎然,偏心眼,,,,,,,
昇平,片斷,,,,,,,
省儉,片面,,,,,,,
省力,騙人,,,,,,,
省時,漂浮,,,,,,,
省事,貧,,,,,,,
省心,貧寒,,,,,,,
盛,貧苦,,,,,,,
盛大,貧困,,,,,,,
勝,貧窮,,,,,,,
聖,貧瘠,,,,,,,
聖潔,平白,,,,,,,
聖禮,平白無故,,,,,,,
聖明,平淡,,,,,,,
十分重要,平淡無奇,,,,,,,
十拿九穩,平淡無味,,,,,,,
十全,平鋪直敘,,,,,,,
十全十美,平鋪直序,,,,,,,
十足,憑白無故,,,,,,,
石破天驚,憑空,,,,,,,
拾金不昧,坡,,,,,,,
時尚,潑,,,,,,,
時新,潑辣,,,,,,,
時興,婆婆媽媽,,,,,,,
時髦,破,,,,,,,
實,破敗,,,,,,,
實誠,破壞性,,,,,,,
實打實,破舊,,,,,,,
實惠,破爛不堪,,,,,,,
實際,破陋,,,,,,,
實際上,撲朔迷離,,,,,,,
實施得力,鋪張,,,,,,,
實實惠惠,鋪張浪費,,,,,,,
實實在在,欺詐性,,,,,,,
實事求是,七零八落,,,,,,,
實心,悽,,,,,,,
實心實意,悽慘,,,,,,,
實心眼兒,悽楚,,,,,,,
實意,淒寒,,,,,,,
實用,悽寂,,,,,,,
實在,悽苦,,,,,,,
實則,淒冷,,,,,,,
實至名歸,淒厲,,,,,,,
實質上,淒涼,,,,,,,
實質性,悽迷,,,,,,,
識趣,悽愴,,,,,,,
史詩般,漆黑,,,,,,,
史無前例,漆黑一團,,,,,,,
使人愉快,其貌不揚,,,,,,,
使用方便,奇醜無比,,,,,,,
始終不懈,奇形怪狀,,,,,,,
始終不渝,崎,,,,,,,
始終如一,崎嶇,,,,,,,
世界級,崎嶇不平,,,,,,,
事關重大,起縐,,,,,,,
事實上,起褶子,,,,,,,
事實勝於雄辯,豈有此理,,,,,,,
是,氣粗,,,,,,,
是的,氣悶,,,,,,,
適,氣盛,,,,,,,
適當,氣勢洶洶,,,,,,,
適度,氣壯如牛,,,,,,,
適逢其會,千變萬化,,,,,,,
適口,千瘡百孔,,,,,,,
適宜,千金一擲,,,,,,,
適意,千鈞一髮,,,,,,,
適用,千篇一律,,,,,,,
手不釋卷,前呼後擁,,,,,,,
手腳麻利,潛,,,,,,,
手快,淺,,,,,,,
手巧,淺薄,,,,,,,
手勤,淺嘗輒止,,,,,,,
手軟,淺陋,,,,,,,
手鬆,欠妥,,,,,,,
首屈一指,欠完善,,,,,,,
首要,欠周到,,,,,,,
守法,強,,,,,,,
守時,強暴,,,,,,,
守時間,強橫,,,,,,,
受吃,強行,,,,,,,
受過良好訓練,強制,,,,,,,
受看,強制性,,,,,,,
受聽,巧,,,,,,,
殊,巧黠,,,,,,,
舒,翹尾巴,,,,,,,
舒緩,峭,,,,,,,
舒快,峭直,,,,,,,
舒適,怯懦,,,,,,,
舒舒服服,怯然,,,,,,,
舒爽,怯弱,,,,,,,
舒鬆,怯生生,,,,,,,
舒心,竊,,,,,,,
淑,禽獸不如,,,,,,,
熟,輕薄,,,,,,,
熟練,輕淡,,,,,,,
熟巧,輕浮,,,,,,,
熟識,輕賤,,,,,,,
熟透,輕狂,,,,,,,
熟悉,輕率,,,,,,,
屬實,輕描淡寫,,,,,,,
樹葉茂盛,輕易,,,,,,,
數得上,輕佻,,,,,,,
數得著,傾斜,,,,,,,
數一數二,清淡,,,,,,,
帥,清高,,,,,,,
雙料,清寒,,,,,,,
雙穩態,清苦,,,,,,,
爽口,清冷,,,,,,,
爽朗,清貧,,,,,,,
爽利,窮,,,,,,,
爽目,窮乏,,,,,,,
爽氣,窮極潦倒,,,,,,,
爽心悅目,窮苦,,,,,,,
爽直,窮困,,,,,,,
水滴石穿,窮困潦倒,,,,,,,
水靈,窮奢極侈,,,,,,,
水靈靈,窮奢極欲,,,,,,,
水乳交融,窮酸,,,,,,,
水汪汪,窮途潦倒,,,,,,,
水瑩瑩,窮途末路,,,,,,,
水涔涔,窮凶極惡,,,,,,,
順,窮匱,,,,,,,
順暢,囚首垢面,,,,,,,
順當,區區,,,,,,,
順耳,曲曲折折,,,,,,,
順口,曲折,,,,,,,
順理成章,屈才,,,,,,,
順利,屈理,,,,,,,
順勢,犬牙交錯,,,,,,,
順手,缺,,,,,,,
順順當當,缺德,,,,,,,
順眼,缺乏才智,,,,,,,
說白了,缺乏教養,,,,,,,
說得通,缺乏紳士風度,,,,,,,
說一不二,缺乏幽默,,,,,,,
碩學,缺心眼,,,,,,,
爍,缺心眼兒,,,,,,,
爍亮,群魔亂舞,,,,,,,
斯斯文文,攘攘,,,,,,,
斯文,擾擾,,,,,,,
思路清晰,繞脖子,,,,,,,
絲毫不差,人不為己，天誅地滅,,,,,,,
死得其所,人不知，鬼不覺,,,,,,,
死活,人聲鼎沸,,,,,,,
死靜,人聲嘈雜,,,,,,,
四平八穩,人頭攢動,,,,,,,
似曾相識,人為財死，鳥為食亡,,,,,,,
鬆,任重道遠,,,,,,,
鬆動,任縱,,,,,,,
鬆快,認死理,,,,,,,
素潔,認死理兒,,,,,,,
素樸,冗,,,,,,,
素雅,冗長,,,,,,,
速效,冗餘,,,,,,,
肅靜,冗贅,,,,,,,
肅穆,柔弱,,,,,,,
肅然,肉,,,,,,,
隨便,肉了叭嘰,,,,,,,
隨和,肉麻,,,,,,,
隨手,如臨大敵,,,,,,,
隨宜,如臨深淵,,,,,,,
隨遇而安,如履薄冰,,,,,,,
綏,乳臭未乾,,,,,,,
縮手縮腳,軟,,,,,,,
塌實,軟綿綿,,,,,,,
踏實,軟弱,,,,,,,
踏踏實實,軟弱無力,,,,,,,
檯面上,若明若暗,,,,,,,
泰,若隱若現,,,,,,,
泰然處之,弱,,,,,,,
泰然自若,弱不禁風,,,,,,,
太平,弱不勝衣,,,,,,,
太太平平,弱勢,,,,,,,
談吐不俗,弱小,,,,,,,
談言微中,弱智,,,,,,,
坦,三天打魚兩天曬網,,,,,,,
坦白,散,,,,,,,
坦誠,散亂,,,,,,,
坦誠相待,散漫,,,,,,,
坦誠相見,嗓子不好,,,,,,,
坦蕩,喪盡天良,,,,,,,
坦蕩蕩,喪心病狂,,,,,,,
坦率,騷,,,,,,,
坦率直言,騷亂性,,,,,,,
坦實,色厲內荏,,,,,,,
坦坦蕩蕩,色迷迷,,,,,,,
坦直,色情,,,,,,,
探囊取物,澀,,,,,,,
堂而皇之,澀苦,,,,,,,
堂皇,澀滯,,,,,,,
堂堂,森,,,,,,,
堂堂正正,殺氣騰騰,,,,,,,
糖味,殺人不見血,,,,,,,
掏心,殺人不眨眼,,,,,,,
陶,殺人如麻,,,,,,,
特出,傻,,,,,,,
特等,傻呵呵,,,,,,,
特惠,傻乎乎,,,,,,,
特級,傻裡瓜唧,,,,,,,
特異,傻里傻氣,,,,,,,
剔透,傻頭傻腦,,,,,,,
體面,山南海北,,,,,,,
體態輕盈,山窮水盡,,,,,,,
體系化,閃爍,,,,,,,
惕,傷風敗俗,,,,,,,
天才,傷腦筋,,,,,,,
天賜,傷天害理,,,,,,,
天從人願,傷心慘目,,,,,,,
天翻地覆,少不更事,,,,,,,
天公地道,奢,,,,,,,
天經地義,奢侈,,,,,,,
天隨人願,奢華,,,,,,,
天遂人願,奢靡,,,,,,,
天下為公,奢糜,,,,,,,
天香國色,蛇蠍心腸,,,,,,,
天搖地動,涉世不深,,,,,,,
天衣無縫,身無分文,,,,,,,
天造地設,深重,,,,,,,
天真,神不知，鬼不覺,,,,,,,
天真爛漫,神不知鬼不覺,,,,,,,
天真無邪,神祕,,,,,,,
天姿國色,神氣活現,,,,,,,
天字第一號,神氣十足,,,,,,,
甜,神神祕祕,,,,,,,
甜點,神志委靡,,,,,,,
甜美,聲名狼藉,,,,,,,
甜蜜,聲色俱厲,,,,,,,
甜蜜蜜,生,,,,,,,
恬,生拉硬拽,,,,,,,
恬靜,生澀,,,,,,,
恬適,生疏,,,,,,,
挑戰性,生硬,,,,,,,
貼邊兒,盛氣凌人,,,,,,,
貼切,剩餘,,,,,,,
貼題,失常,,,,,,,
鐵,失當,,,,,,,
鐵案如山,失檢,,,,,,,
鐵打,失禮,,,,,,,
鐵定,失落,,,,,,,
鐵骨錚錚,失去理性,,,,,,,
鐵面無私,失慎,,,,,,,
鐵心,失實,,,,,,,
鐵杵磨成針,失宜,,,,,,,
鐵錚錚,十惡不赦,,,,,,,
停妥,十室九空,,,,,,,
亭亭玉立,什,,,,,,,
亭勻,什錦,,,,,,,
挺括,食而不化,,,,,,,
挺秀,食而不知其味,,,,,,,
通,食古不化,,,,,,,
通暢,實屬不易,,,,,,,
通達,使不得,,,,,,,
通亮,使人疲勞,,,,,,,
通明,世故,,,,,,,
通明透亮,世情冷暖,,,,,,,
通情達理,世俗,,,,,,,
通權達變,世態炎涼,,,,,,,
通順,誓不兩立,,,,,,,
通俗,勢不兩立,,,,,,,
通俗易懂,勢利,,,,,,,
通天,勢利眼,,,,,,,
通透,嗜殺成性,,,,,,,
同等重要,嗜血,,,,,,,
同情,嗜血成性,,,,,,,
童顏鶴髮,恃才傲物,,,,,,,
統一,手腳不乾淨,,,,,,,
痛快,手緊,,,,,,,
痛痛快快,手生,,,,,,,
投機,手頭緊,,,,,,,
投入,手無縛雞之力,,,,,,,
投緣,守舊,,,,,,,
頭,守株待兔,,,,,,,
頭等,瘦,,,,,,,
頭號,瘦弱,,,,,,,
頭面,輸理,,,,,,,
頭腦清醒,疏忽,,,,,,,
頭頭是道,疏懶,,,,,,,
透闢,疏鬆,,,,,,,
透徹,書生氣,,,,,,,
透亮,鼠膽,,,,,,,
透明,鼠目寸光,,,,,,,
突出,數不上,,,,,,,
突破性,數不著,,,,,,,
團結,衰弱,,,,,,,
脫俗,衰頹,,,,,,,
妥,水火不相容,,,,,,,
妥當,水洩不通,,,,,,,
妥切,水性楊花,,,,,,,
妥善,水中撈月,,,,,,,
妥貼,瞬息萬變,,,,,,,
瓦亮,說不過去,,,,,,,
外向,說來話長,,,,,,,
頑強,斯文掃地,,,,,,,
頑石點頭,私,,,,,,,
完,私底下,,,,,,,
完備,私密,,,,,,,
完好,私下,,,,,,,
完好如初,私下裡,,,,,,,
完好如新,私自,,,,,,,
完好無損,死,,,,,,,
完美,死板,,,,,,,
完美無疵,死板板,,,,,,,
完美無缺,死沉沉,,,,,,,
完美無瑕,死腦筋,,,,,,,
完全,死氣沉沉,,,,,,,
完善,死去活來,,,,,,,
完整,死死,,,,,,,
宛轉,死心塌地,,,,,,,
婉,死心眼,,,,,,,
婉麗,死心眼兒,,,,,,,
婉娩,死性,,,,,,,
婉順,死一般,,,,,,,
婉言,死硬,,,,,,,
婉約,死有餘辜,,,,,,,
婉轉,肆,,,,,,,
萬變不離其宗,肆無忌憚,,,,,,,
萬不得已,肆意,,,,,,,
萬夫不當,四大皆空,,,,,,,
萬夫莫當,四面楚歌,,,,,,,
萬古長青,似,,,,,,,
萬馬奔騰,似乎,,,,,,,
萬全,似是而非,,,,,,,
萬人空巷,鬆垮,,,,,,,
萬無一失,鬆垮垮,,,,,,,
萬眾矚目,鬆散,,,,,,,
萬籟俱寂,鬆散散,,,,,,,
網開一面,鬆鬆垮垮,,,,,,,
旺,聳人聽聞,,,,,,,
旺盛,酥,,,,,,,
忘我,酥軟,,,,,,,
威風,酥鬆,,,,,,,
威風凜凜,俗,,,,,,,
威武,俗氣,,,,,,,
威嚴,素不相識,,,,,,,
微言大義,素昧平生,,,,,,,
唯命是從,肅,,,,,,,
唯命是聽,肅殺,,,,,,,
唯唯諾諾,酸不溜丟,,,,,,,
惟命是從,酸臭,,,,,,,
惟命是聽,酸刻,,,,,,,
為人寬厚,酸澀,,,,,,,
為人正直,隨便,,,,,,,
為宜,隨風倒,,,,,,,
委婉,隨風使舵,,,,,,,
偉,隨風轉舵,,,,,,,
偉岸,隨隨便便,,,,,,,
偉大,隨心所欲,,,,,,,
蔚,碎,,,,,,,
味道好,祟,,,,,,,
味道鮮,損,,,,,,,
衛生,損人利己,,,,,,,
溫和,瑣,,,,,,,
溫厚,瑣碎,,,,,,,
溫靜,瑣細,,,,,,,
溫良,瑣屑,,,,,,,
溫情,索,,,,,,,
溫情脈脈,索然,,,,,,,
溫柔,索然乏味,,,,,,,
溫潤,索然寡味,,,,,,,
溫順,索然無味,,,,,,,
溫文爾雅,所謂,,,,,,,
溫馴,太隨便,,,,,,,
溫馨,太虛,,,,,,,
溫煦,貪,,,,,,,
文不加點,貪得無厭,,,,,,,
文從字順,貪婪,,,,,,,
文靜,貪心,,,,,,,
文明,貪心不足,,,,,,,
文文靜靜,癱軟,,,,,,,
文武兼備,談何容易,,,,,,,
文武全才,唐突,,,,,,,
文武雙全,燙手,,,,,,,
文雅,淘,,,,,,,
文質彬彬,淘氣,,,,,,,
文縐縐,淘神,,,,,,,
聞達,特困,,,,,,,
聞過則喜,特貧,,,,,,,
聞名,體力不支,,,,,,,
穩,體弱,,,,,,,
穩步,體衰,,,,,,,
穩當,天昏地暗,,,,,,,
穩定,天南地北,,,,,,,
穩固,天南海北,,,,,,,
穩健,天真,,,,,,,
穩如泰山,恬淡,,,,,,,
穩態,腆,,,,,,,
穩妥,挑逗性,,,,,,,
穩紮穩打,鐵桿兒,,,,,,,
穩重,鐵公雞一毛不拔,,,,,,,
沃,鐵石心腸,,,,,,,
無比幸福,鐵血,,,,,,,
無變化,聽天由命,,,,,,,
無償,偷,,,,,,,
無疵,偷工減料,,,,,,,
無錯誤,偷偷,,,,,,,
無毒,偷偷摸摸,,,,,,,
無辜,投機,,,,,,,
無害,頭腦空虛,,,,,,,
無華,頭痛,,,,,,,
無價,禿,,,,,,,
無拘束,徒,,,,,,,
無拘無束,徒勞,,,,,,,
無可非議,徒勞無功,,,,,,,
無可厚非,徒勞無益,,,,,,,
無可爭議,徒然,,,,,,,
無可置疑,土,,,,,,,
無可訾議,土得掉渣,,,,,,,
無牽無掛,土裡土氣,,,,,,,
無人不曉,土氣,,,,,,,
無容置疑,土俗,,,,,,,
無上,土頭土腦,,,,,,,
無上光榮,兔死狗烹,,,,,,,
無奢望,兔子不吃窩邊草,,,,,,,
無私,兔子尾巴長不了,,,,,,,
無私無畏,頹敗,,,,,,,
無損,蛻化,,,,,,,
無所不可,蛻化變質,,,,,,,
無所不能,退化,,,,,,,
無所不知,拖泥帶水,,,,,,,
無所顧忌,拖沓,,,,,,,
無所畏懼,歪,,,,,,,
無微不至,歪歪扭扭,,,,,,,
無畏,歪斜,,,,,,,
無汙染,外面兒光,,,,,,,
無誤,外行,,,,,,,
無先例,頑,,,,,,,
無懈可擊,頑鈍,,,,,,,
無疑,頑梗,,,,,,,
無憂無慮,頑固,,,,,,,
無罪,頑劣,,,,,,,
無瑕疵,頑皮,,,,,,,
無恙,完全不重要,,,,,,,
蕪,萬惡,,,,,,,
武,萬花筒似,,,,,,,
五彩紛呈,萬馬齊喑,,,,,,,
五大三粗,萬難,,,,,,,
五穀豐登,枉,,,,,,,
五星級,枉費心機,,,,,,,
物阜民豐,枉然,,,,,,,
物理,望梅止渴,,,,,,,
熙,忘恩負義,,,,,,,
熙和,忘情,,,,,,,
熙來攘往,妄,,,,,,,
熙攘,妄自尊大,,,,,,,
熙熙攘攘,威,,,,,,,
晰,威厲,,,,,,,
吸引人眼球,微不足道,,,,,,,
悉心,微賤,,,,,,,
犀利,微茫,,,,,,,
洗煉,微末,,,,,,,
洗練,危殆,,,,,,,
系統,危機四伏,,,,,,,
戲劇化,危機重重,,,,,,,
戲劇性,危急,,,,,,,
細,危如累卵,,,,,,,
細顆粒度,危亡,,,,,,,
細密,危險,,,,,,,
細膩,危在旦夕,,,,,,,
細巧,唯利是圖,,,,,,,
細潤,唯我獨尊,,,,,,,
細細,惟利是圖,,,,,,,
細心,惟我獨尊,,,,,,,
細針密縷,為人作嫁,,,,,,,
細緻,為人作嫁衣裳,,,,,,,
俠義,為所欲為,,,,,,,
下飯,萎靡不振,,,,,,,
下酒,委靡不振,,,,,,,
先公後私,委瑣,,,,,,,
先進,偽,,,,,,,
先決,偽善,,,,,,,
先人後己,偽造,,,,,,,
鮮,未便,,,,,,,
鮮活,未成熟,,,,,,,
鮮亮,未歸類,,,,,,,
鮮美,未揭露,,,,,,,
鮮明,未老先衰,,,,,,,
纖塵不染,未列計劃,,,,,,,
纖巧,未受過教育,,,,,,,
賢,味道不好,,,,,,,
賢達,味同嚼蠟,,,,,,,
賢慧,畏怯,,,,,,,
賢惠,畏首畏尾,,,,,,,
賢明,文不對題,,,,,,,
閒雅,文弱,,,,,,,
顯,文恬武嬉,,,,,,,
顯達,紊,,,,,,,
顯而易見,紊亂,,,,,,,
顯貴,問道於盲,,,,,,,
顯赫,烏沉沉,,,,,,,
顯豁,烏燈黑火,,,,,,,
顯見,烏洞洞,,,,,,,
顯明,烏七八糟,,,,,,,
顯目,烏漆墨黑,,,,,,,
顯然,烏塗,,,,,,,
顯性,烏托邦,,,,,,,
顯要,烏壓壓,,,,,,,
顯耀,烏煙瘴氣,,,,,,,
顯著,汙,,,,,,,
險固,汙穢,,,,,,,
現實,汙七八糟,,,,,,,
相安,汙濁,,,,,,,
相安無事,無伴,,,,,,,
相當,無表情,,,,,,,
相當重要,無補,,,,,,,
相宜,無補於事,,,,,,,
香,無常,,,,,,,
香醇,無誠意,,,,,,,
香純,無道德觀念,,,,,,,
香噴噴,無的放矢,,,,,,,
香甜,無動於衷,,,,,,,
香甜可口,無度,,,,,,,
香馥馥,無端,,,,,,,
翔實,無端端,,,,,,,
祥,無法無天,,,,,,,
祥和,無根據,,,,,,,
詳,無故,,,,,,,
詳備,無關大局,,,,,,,
詳盡,無關宏旨,,,,,,,
詳密,無關緊要,,,,,,,
詳明,無關痛癢,,,,,,,
詳實,無光,,,,,,,
詳悉,無光澤,,,,,,,
詳細,無規,,,,,,,
詳詳細細,無涵養,,,,,,,
響噹噹,無稽,,,,,,,
像話,無濟於事,,,,,,,
像樣,無計劃,,,,,,,
像樣子,無記名,,,,,,,
象話,無紀律,,,,,,,
蕭灑,無價值,,,,,,,
消遣,無教養,,,,,,,
消停,無節制,,,,,,,
消消停停,無可無不可,,,,,,,
曉事,無口才,,,,,,,
小,無賴,,,,,,,
小康,無理,,,,,,,
小面額,無禮,,,,,,,
小巧玲瓏,無力,,,,,,,
小心,無眉目,,,,,,,
小心謹慎,無目的,,,,,,,
小心翼翼,無能,,,,,,,
小有名氣,無能為力,,,,,,,
協調一致,無憑無據,,,,,,,
諧,無情,,,,,,,
諧調,無情無義,,,,,,,
諧和,無人過問,,,,,,,
諧趣橫生,無人問津,,,,,,,
欣然,無傷大雅,,,,,,,
欣欣然,無生氣,,,,,,,
欣欣向榮,無實效,,,,,,,
辛勤,無實質,,,,,,,
新,無所幫助,,,,,,,
新潮,無所不用其極,,,,,,,
新奇,無特色,,,,,,,
新鮮,無望,,,,,,,
新異,無味,,,,,,,
新穎,無謂,,,,,,,
心腸軟,無吸引力,,,,,,,
心慈,無限制,,,,,,,
心慈面軟,無效,,,,,,,
心慈手軟,無依無靠,,,,,,,
心地純良,無意義,,,,,,,
心地善良,無益,,,,,,,
心口如一,無用,,,,,,,
心寬,無原則,,,,,,,
心靈,無緣無故,,,,,,,
心靈美,無證據,,,,,,,
心靈手巧,無知,,,,,,,
心明眼亮,無中生有,,,,,,,
心軟,無助,,,,,,,
心細,無足輕重,,,,,,,
心胸開闊,蕪,,,,,,,
心直口快,蕪雜,,,,,,,
信得過,武斷,,,,,,,
信賞必罰,霧裡看花,,,,,,,
信實,誤,,,,,,,
資訊豐富,誤診,,,,,,,
星級,稀裡糊塗,,,,,,,
惺,稀鬆,,,,,,,
惺惺,稀鬆平常,,,,,,,
興隆,喜新厭舊,,,,,,,
興趣盎然,細,,,,,,,
興盛,細碎,,,,,,,
興旺,細小,,,,,,,
形象地,瞎,,,,,,,
形象化,下,,,,,,,
行,下乘,,,,,,,
行得通,下道兒,,,,,,,
行時,下等,,,,,,,
行雲流水,下賤,,,,,,,
行之有效,下流,,,,,,,
醒豁,下品,,,,,,,
醒目,下三爛,,,,,,,
醒眼,下三濫,,,,,,,
幸福,下作,,,,,,,
幸運,嚇人,,,,,,,
性格外向,纖弱,,,,,,,
性命交關,險,,,,,,,
性命攸關,險毒,,,,,,,
性情溫良,險惡,,,,,,,
胸懷坦白,險峻,,,,,,,
胸懷坦蕩,險峭,,,,,,,
洶洶,險象環生,,,,,,,
洶湧,險要,,,,,,,
洶湧澎湃,險詐,,,,,,,
雄,險阻,,,,,,,
雄健,現行,,,,,,,
雄峻,羨餘,,,,,,,
雄偉,香豔,,,,,,,
雄心勃勃,享樂,,,,,,,
雄壯,向上傾斜,,,,,,,
雄姿英發,向下傾斜,,,,,,,
雄赳赳,象徵性,,,,,,,
熊腰虎背,蕭,,,,,,,
修明,蕭然,,,,,,,
秀,蕭瑟,,,,,,,
秀拔,蕭森,,,,,,,
秀慧,蕭疏,,,,,,,
秀俊,蕭索,,,,,,,
秀麗,蕭條,,,,,,,
秀美,蕭颯,,,,,,,
秀媚,囂雜,,,,,,,
秀氣,囂張,,,,,,,
秀巧,消極,,,,,,,
秀潤,小,,,,,,,
秀色,小肚雞腸,,,,,,,
秀色可餐,小兒科,,,,,,,
秀挺,小家子氣,,,,,,,
秀外慧中,小家子相,,,,,,,
秀外惠中,小裡小氣,,,,,,,
秀雅,小氣,,,,,,,
秀逸,小手小腳,,,,,,,
秀異,小小不言,,,,,,,
虛懷若谷,小心眼,,,,,,,
虛己,小心眼兒,,,,,,,
虛心,笑裡藏刀,,,,,,,
軒昂,效率很差,,,,,,,
喧鬧,攜貳,,,,,,,
旋律優美,邪,,,,,,,
玄,邪惡,,,,,,,
玄奧,斜,,,,,,,
玄而又玄,斜體,,,,,,,
玄祕,斜歪,,,,,,,
玄妙,卸磨殺驢,,,,,,,
玄遠,懈怠,,,,,,,
玄之又玄,辛,,,,,,,
眩目,辛苦,,,,,,,
絢,辛酸,,,,,,,
絢爛,辛辛苦苦,,,,,,,
絢麗,心不在焉,,,,,,,
絢麗多彩,心粗,,,,,,,
絢麗多姿,心地狹窄,,,,,,,
絢麗奪目,心毒,,,,,,,
學而不厭,心浮,,,,,,,
學富五車,心黑手辣,,,,,,,
學力宏贍,心狠,,,,,,,
學識淵博,心狠手辣,,,,,,,
學有專長,心口不一,,,,,,,
雪亮,心切,,,,,,,
血氣方剛,心如蛇蠍,,,,,,,
馴,心如鐵石,,,,,,,
馴服,心胸狹隘,,,,,,,
馴良,心胸狹窄,,,,,,,
馴善,心眼兒小,,,,,,,
馴順,心眼兒窄,,,,,,,
訓練良好,心眼小,,,,,,,
訓練有素,心猿意馬,,,,,,,
遜,星星點點,,,,,,,
鴉雀無聲,腥,,,,,,,
雅,腥臭,,,,,,,
雅觀,腥臊,,,,,,,
雅靜,腥羶,,,,,,,
雅俗共賞,形單影隻,,,,,,,
雅正,形格勢禁,,,,,,,
雅緻,形同路人,,,,,,,
嚴謹,形同虛設,,,,,,,
嚴肅,形影相弔,,,,,,,
嚴整,行不通,,,,,,,
嚴正,行為不端,,,,,,,
言必有中,行為不檢,,,,,,,
言簡意賅,性格內向,,,,,,,
言語流利,性急,,,,,,,
言之成理,性情急躁,,,,,,,
言之有理,凶,,,,,,,
眼光銳利,凶巴巴,,,,,,,
眼光遠大,凶暴,,,,,,,
眼花繚亂,凶殘,,,,,,,
眼疾手快,凶毒,,,,,,,
眼尖,凶惡,,,,,,,
眼明手快,凶悍,,,,,,,
眼熟,凶狠,,,,,,,
豔,凶橫,,,,,,,
豔麗,凶狂,,,,,,,
豔冶,凶蠻,,,,,,,
洋洋大觀,凶猛,,,,,,,
陽,凶煞,,,,,,,
陽剛,凶頑,,,,,,,
陽性,凶險,,,,,,,
養尊處優,凶戾,,,,,,,
妖媚,胸無城府,,,,,,,
妖豔,胸無點墨,,,,,,,
妖冶,熊,,,,,,,
妖嬈,虛,,,,,,,
藥到病除,虛誕,,,,,,,
要害,虛浮,,,,,,,
要緊,虛幻,,,,,,,
要強,虛假,,,,,,,
要死要活,虛空,,,,,,,
要言不煩,虛誇,,,,,,,
耀,虛擬,,,,,,,
耀眼,虛榮,,,,,,,
野心勃勃,虛弱,,,,,,,
冶容,虛設,,,,,,,
冶豔,虛妄,,,,,,,
夜不閉戶,虛偽,,,,,,,
一板正經,虛無,,,,,,,
一本正經,虛無飄渺,,,,,,,
一筆不苟,虛無縹緲,,,,,,,
一筆一劃,虛虛實實,,,,,,,
一表非凡,虛有其表,,,,,,,
一步一個腳印兒,虛詐,,,,,,,
一塵不染,絮,,,,,,,
一等,絮叨,,,,,,,
一定,絮聒,,,,,,,
一乾二淨,喧,,,,,,,
一個心眼兒,喧天,,,,,,,
一貫,喧囂,,,,,,,
一呼百諾,喧雜,,,,,,,
一呼百應,喧噪,,,,,,,
一級,懸乎,,,,,,,
一刻千金,懸空,,,,,,,
一口,玄,,,,,,,
一流,學究氣,,,,,,,
一律,學識淺薄,,,,,,,
一門心思,學識譾陋,,,,,,,
一目瞭然,雪上加霜,,,,,,,
一清二白,血淋淋,,,,,,,
一清二楚,血腥,,,,,,,
一如既往,血雨腥風,,,,,,,
一若以往,牙磣,,,,,,,
一身是膽,亞,,,,,,,
一身正氣,煙霧瀰漫,,,,,,,
一視同仁,煙霧騰騰,,,,,,,
一絲不差,嚴,,,,,,,
一絲不苟,嚴加,,,,,,,
一體化,嚴峻,,,,,,,
一團和氣,嚴苛,,,,,,,
一碗水端平,嚴酷,,,,,,,
一五一十,嚴冷,,,,,,,
一心,嚴厲,,,,,,,
一心一德,嚴肅,,,,,,,
一心一意,嚴重,,,,,,,
一葉知秋,言不由衷,,,,,,,
一語雙關,言之無物,,,,,,,
一元化,眼巴巴,,,,,,,
一致,眼光短淺,,,,,,,
一專多能,眼皮子高,,,,,,,
一字不差地,眼皮子淺,,,,,,,
依舊,眼生,,,,,,,
依然,衍,,,,,,,
衣冠楚楚,揚長,,,,,,,
夷,羊質虎皮,,,,,,,
儀表堂堂,陽奉陰違,,,,,,,
儀態萬方,妖,,,,,,,
宜,妖里妖氣,,,,,,,
宜人,搖搖晃晃,,,,,,,
已知,搖搖欲墜,,,,,,,
以德報怨,要不得,,,,,,,
以一當十,野,,,,,,,
藝術,野雞,,,,,,,
易,野蠻,,,,,,,
易如反掌,葉公好龍,,,,,,,
逸樂,夜郎自大,,,,,,,
亦然,一把死拿,,,,,,,
意味深長,一暴十寒,,,,,,,
意在言外,一波三折,,,,,,,
毅,一不小心,,,,,,,
毅然,一場空,,,,,,,
毅然決然,一成不變,,,,,,,
義,一觸即潰,,,,,,,
義務,一髮千鈞,,,,,,,
益,一鍋粥,,,,,,,
異彩紛呈,一臉橫肉,,,,,,,
茵茵,一臉稚氣,,,,,,,
因材施教,一毛不拔,,,,,,,
因地制宜,一偏,,,,,,,
因陋就簡,一貧如洗,,,,,,,
因時制宜,一錢不值,,,,,,,
殷,一仍舊貫,,,,,,,
殷富,一手遮天,,,,,,,
殷勤,一塌糊塗,,,,,,,
殷實,一團亂麻,,,,,,,
殷殷,一團漆黑,,,,,,,
音調優美,一團糟,,,,,,,
陰翳,一文不名,,,,,,,
引人入勝,一文不值,,,,,,,
引人深思,一窩蜂,,,,,,,
引人矚目,一無可取,,,,,,,
引人注目,一無是處,,,,,,,
引人注意,一無所長,,,,,,,
英俊,一無所有,,,,,,,
英烈,一言堂,,,,,,,
英明,一擲千金,,,,,,,
英武,依違,,,,,,,
英勇,依稀,,,,,,,
英姿颯爽,衣衫不整,,,,,,,
應有,頤指氣使,,,,,,,
瑩,疑難,,,,,,,
瑩白,倚老賣老,,,,,,,
瑩瑩,以怨報德,,,,,,,
熒,易變,,,,,,,
熒熒,易怒,,,,,,,
迎刃而解,臆,,,,,,,
盈盈,意馬心猿,,,,,,,
穎,義正詞嚴,,,,,,,
穎慧,溢價,,,,,,,
穎悟,異常,,,,,,,
硬,異形,,,,,,,
硬棒,蔭,,,,,,,
硬朗,因循守舊,,,,,,,
硬實,殷,,,,,,,
雍和,殷切,,,,,,,
雍容,陰,,,,,,,
雍容華貴,陰暗,,,,,,,
踴躍,陰沉,,,,,,,
勇,陰沉沉,,,,,,,
勇敢,陰毒,,,,,,,
勇悍,陰惡,,,,,,,
勇猛,陰晦,,,,,,,
勇武,陰冷,,,,,,,
用得著,陰悽,,,,,,,
用功,陰森,,,,,,,
用心,陰森森,,,,,,,
幽,陰損,,,,,,,
幽寂,陰險,,,,,,,
幽靜,陰險毒辣,,,,,,,
幽麗,陰性,,,,,,,
幽美,陰陽怪氣,,,,,,,
幽默,淫,,,,,,,
幽默滑稽,淫蕩,,,,,,,
幽悽,淫穢,,,,,,,
幽婉,淫賤,,,,,,,
幽閒,淫亂,,,,,,,
幽雅,淫靡,,,,,,,
幽嫻,淫邪,,,,,,,
優,淫逸,,,,,,,
優等,淫褻,,,,,,,
優厚,淫猥,,,,,,,
優惠,引起反感,,,,,,,
優良,隱,,,,,,,
優美,隱晦,,,,,,,
優美動聽,隱祕,,,,,,,
優柔,隱然,,,,,,,
優勝,隱身,,,,,,,
優秀,隱形,,,,,,,
優雅,隱性,,,,,,,
優異,隱隱,,,,,,,
優裕,隱隱綽綽,,,,,,,
優越,隱隱約約,,,,,,,
優質,隱約,,,,,,,
優渥,應名兒,,,,,,,
悠揚,影影綽綽,,,,,,,
尤,硬,,,,,,,
尤異,硬氣,,,,,,,
由衷,硬生生,,,,,,,
油光,硬性,,,,,,,
油光光,擁擠,,,,,,,
油光水滑,擁擠不堪,,,,,,,
油亮,庸,,,,,,,
油汪汪,庸碌,,,,,,,
遊刃有餘,庸俗,,,,,,,
有案可稽,庸庸碌碌,,,,,,,
有板有眼,用不著,,,,,,,
有保留地,幽,,,,,,,
有鼻子有眼,幽暗,,,,,,,
有鼻子有眼兒,幽晦,,,,,,,
有才幹,幽幽,,,,,,,
有財產,幽冥,,,,,,,
有朝氣,幽黯,,,,,,,
有出息,優柔,,,,,,,
有膽量,優柔寡斷,,,,,,,
有的放矢,悠謬,,,,,,,
有地位,猶猶豫豫,,,,,,,
有方,猶豫不決,,,,,,,
有福,猶豫不前,,,,,,,
有福氣,油,,,,,,,
有個性,油乎乎,,,,,,,
有根有據,油滑,,,,,,,
有功,油膩,,,,,,,
有貢獻,油膩膩,,,,,,,
有光,油頭滑腦,,,,,,,
有涵養,油汪汪,,,,,,,
有恆,油脂麻花,,,,,,,
有紀律,油漬漬,,,,,,,
有價值,有礙觀瞻,,,,,,,
有見地,有弊,,,,,,,
有見識,有點舊,,,,,,,
有教養,有毒,,,,,,,
有教益,有毒性,,,,,,,
有節制,有害,,,,,,,
有據,有名無實,,,,,,,
有口無心,有難度,,,,,,,
有稜角,有傷風化,,,,,,,
有理,有失檢點,,,,,,,
有理由,有失偏頗,,,,,,,
有理有據,有失身分,,,,,,,
有禮,有始無終,,,,,,,
有禮貌,有恃無恐,,,,,,,
有利,有頭無尾,,,,,,,
有良心,有一搭沒一搭,,,,,,,
有兩手,有義務,,,,,,,
有兩下子,有罪,,,,,,,
有眉目,幼稚,,,,,,,
有門,迂,,,,,,,
有門兒,迂腐,,,,,,,
有名,迂闊,,,,,,,
有名氣,迂拙,,,,,,,
有目共睹,於事無補,,,,,,,
有能力,愚,,,,,,,
有派,愚笨,,,,,,,
有盼,愚不可及,,,,,,,
有盼兒,愚痴,,,,,,,
有品味,愚蠢,,,,,,,
有錢,愚鈍,,,,,,,
有求必應,愚陋,,,,,,,
有趣,愚魯,,,,,,,
有韌勁,愚昧,,,,,,,
有伸縮性,愚昧無知,,,,,,,
有聲有色,愚蒙,,,,,,,
有識,愚傻,,,,,,,
有始有終,愚頑,,,,,,,
有所作為,愚妄,,,,,,,
有條不紊,愚拙,,,,,,,
有條理,餘剩,,,,,,,
有條有理,逾分,,,,,,,
有同情心,魚龍混雜,,,,,,,
有頭腦,魚游釜中,,,,,,,
有頭有臉,與虎謀皮,,,,,,,
有頭有尾,與世隔絕,,,,,,,
有望,與世無爭,,,,,,,
有威信,語無倫次,,,,,,,
有為,語焉不詳,,,,,,,
有味,羽毛未豐,,,,,,,
有文化,慾壑難填,,,,,,,
有文章,原始,,,,,,,
有戲,圓,,,,,,,
有效,圓滑,,,,,,,
有心眼,約略,,,,,,,
有心眼兒,越軌,,,,,,,
有序,越禮,,,,,,,
有學問,雲遮霧障,,,,,,,
有血氣,雲譎波詭,,,,,,,
有血有肉,蘊藉,,,,,,,
有眼光,暈頭轉向,,,,,,,
有眼力,雜,,,,,,,
有一手,雜草叢生,,,,,,,
有一套,雜亂,,,,,,,
有意思,雜亂無章,,,,,,,
有意義,雜牌,,,,,,,
有益,雜七雜八,,,,,,,
有勇氣,雜遝,,,,,,,
有用,雜沓,,,,,,,
有智慧,災難性,,,,,,,
有種,在困難中,,,,,,,
有滋味,髒,,,,,,,
有滋有味,髒乎乎,,,,,,,
有嘴無心,髒亂,,,,,,,
友,髒亂差,,,,,,,
友愛,髒兮兮,,,,,,,
友好,糟,,,,,,,
友善,糟糕,,,,,,,
誘人,鑿空,,,,,,,
又紅又專,鑿死理兒,,,,,,,
愚公移山,躁,,,,,,,
餘裕,躁急,,,,,,,
語重心長,躁狂,,,,,,,
玉,造次,,,,,,,
玉潔冰清,造作,,,,,,,
玉立,賊,,,,,,,
鬱,賊溜溜,,,,,,,
鬱郁,賊眉鼠眼,,,,,,,
鬱郁蒼蒼,賊去關門,,,,,,,
鬱鬱蔥蔥,賊頭賊腦,,,,,,,
寓意深長,扎手,,,,,,,
寓意深刻,軋,,,,,,,
淵博,窄,,,,,,,
淵深,張冠李戴,,,,,,,
原封,張狂,,,,,,,
原封不動,招致不幸,,,,,,,
圓渾,照本宣科,,,,,,,
圓活,猙獰,,,,,,,
圓柔,正色,,,,,,,
圓潤,正顏厲色,,,,,,,
圓熟,枝蔓,,,,,,,
圓通,支離,,,,,,,
遠大,支離破碎,,,,,,,
約,直呆呆,,,,,,,
悅耳,直瞪瞪,,,,,,,
悅目,直盯盯,,,,,,,
勻,直勾勾,,,,,,,
勻稱,直愣愣,,,,,,,
勻和,執迷不悟,,,,,,,
勻乎,執拗,,,,,,,
勻淨,趾高氣揚,,,,,,,
勻溜,只顧自身利益,,,,,,,
勻實,只聽樓梯響，不見人下來,,,,,,,
勻整,紙上談兵,,,,,,,
允當,紙醉金迷,,,,,,,
在理,志大才疏,,,,,,,
在情理之中,智障,,,,,,,
在行,稚氣,,,,,,,
鑿,質次價高,,,,,,,
鑿鑿,質量差,,,,,,,
曾經滄海,滯,,,,,,,
紮實,滯背,,,,,,,
扎眼,滯鈍,,,,,,,
紮紮實實,滯澀,,,,,,,
嶄,滯銷,,,,,,,
嶄新,窒悶,,,,,,,
佔理,重,,,,,,,
戰鬥,重沓,,,,,,,
站得高，看得遠,眾叛親離,,,,,,,
站得住,皺,,,,,,,
站得住腳,皺巴,,,,,,,
湛,皺巴巴,,,,,,,
湛深,皺皺巴巴,,,,,,,
彰,竹籃打水,,,,,,,
彰明較著,竹籃子打水,,,,,,,
招笑兒,竹籃子打水一場空,,,,,,,
昭,煮豆燃萁,,,,,,,
昭然,主觀,,,,,,,
昭然若揭,主觀上,,,,,,,
昭彰,讆,,,,,,,
昭著,專橫,,,,,,,
照舊,專橫跋扈,,,,,,,
照理,專制,,,,,,,
照實,轉移性,,,,,,,
照樣,裝備不良,,,,,,,
照章,裝模作樣,,,,,,,
照直,裝腔,,,,,,,
哲,裝腔作勢,,,,,,,
珍貴,裝相,,,,,,,
珍奇,裝樣子,,,,,,,
珍稀,贅,,,,,,,
珍異,贅餘,,,,,,,
真,捉襟見肘,,,,,,,
真誠,捉摸不定,,,,,,,
真格的,拙,,,,,,,
真率,拙笨,,,,,,,
真切,拙劣,,,,,,,
真確,著三不著兩,,,,,,,
真實,濁,,,,,,,
真實可信,子虛,,,,,,,
真心,子虛烏有,,,,,,,
真心誠意,自傲,,,,,,,
真心實意,自大,,,,,,,
真心真意,自負,,,,,,,
真性,自高自大,,,,,,,
真真,自豪,,,,,,,
真真切切,自命不凡,,,,,,,
真真實實,自命清高,,,,,,,
真正,自恃,,,,,,,
真摯,自私,,,,,,,
貞,自私自利,,,,,,,
震古爍今,自相矛盾,,,,,,,
震撼人心,縱恣,,,,,,,
震天動地,走神,,,,,,,
振奮人心,走油,,,,,,,
爭相,嘴尖,,,,,,,
整,醉翁之意不在酒,,,,,,,
整潔,最差,,,,,,,
整齊,最壞,,,,,,,
整齊劃一,罪不容誅,,,,,,,
整整齊齊,罪大惡極,,,,,,,
整飭,罪惡,,,,,,,
正,罪惡多端,,,,,,,
正常,罪惡深重,,,,,,,
正大,罪惡滔天,,,,,,,
正大光明,罪惡昭彰,,,,,,,
正當,罪惡昭著,,,,,,,
正當年,罪該萬死,,,,,,,
正點,罪孽深重,,,,,,,
正而不譎,左,,,,,,,
正好,做作,,,,,,,
正經,作勢,,,,,,,
正經八百,坐而論道,,,,,,,
正面,坐井觀天,,,,,,,
正牌,兀突,,,,,,,
正派,孬,,,,,,,
正確,噩,,,,,,,
正統,卮,,,,,,,
正義,孛,,,,,,,
正直,嗇,,,,,,,
正宗,嗇刻,,,,,,,
鄭重,厝火積薪,,,,,,,
鄭重其事,贗,,,,,,,
枝繁葉茂,剌,,,,,,,
支柱性,剌戾,,,,,,,
知名,剽悍,,,,,,,
知情達理,罔,,,,,,,
知趣,傖,,,,,,,
知書達理,傖俗,,,,,,,
知書識禮,佶屈聱牙,,,,,,,
直,侉,,,,,,,
直腸子,佻,,,,,,,
直截,俚,,,,,,,
直截了當,俚俗,,,,,,,
直捷,倜然,,,,,,,
直來直去,倥侗,,,,,,,
直率,倥傯,,,,,,,
直爽,倨,,,,,,,
直心眼,倨傲,,,,,,,
直心眼兒,儻,,,,,,,
直性,僭,,,,,,,
直性子,儇,,,,,,,
執著,巽,,,,,,,
值得崇拜,褻,,,,,,,
值得紀念,羸弱,,,,,,,
值得羨慕,跅弛,,,,,,,
值錢,跅馳,,,,,,,
志在千里,冥,,,,,,,
摯,冥頑,,,,,,,
摯誠,冥頑不化,,,,,,,
摯切,冥頑不靈,,,,,,,
至誠,冥冥,,,,,,,
至高無上,訥,,,,,,,
至關緊要,詘,,,,,,,
至關重大,詰屈聱牙,,,,,,,
至關重要,譾,,,,,,,
至上,譾陋,,,,,,,
至深,譎,,,,,,,
至尊,譎詐,,,,,,,
至尊至貴,阢,,,,,,,
緻密,阽,,,,,,,
智,芻,,,,,,,
智慧型,堙,,,,,,,
智勇雙全,艽,,,,,,,
秩然不紊,苴,,,,,,,
秩序井然,煢,,,,,,,
稚弱,煢煢,,,,,,,
質量好,煢煢孑立,,,,,,,
質樸,煢煢孑立，形影相弔,,,,,,,
質樸無華,荏,,,,,,,
質優,荏弱,,,,,,,
炙手可熱,萋迷,,,,,,,
中,迍邅,,,,,,,
中堅,瞢,,,,,,,
中看,拗,,,,,,,
中肯,拮据,,,,,,,
中聽,吆三喝四,,,,,,,
中心,吆五喝六,,,,,,,
中用,咄咄逼人,,,,,,,
中允,噥,,,,,,,
中正,啷,,,,,,,
忠,嗲,,,,,,,
忠忱,嗲聲嗲氣,,,,,,,
忠誠,嘈,,,,,,,
忠耿,嘈雜,,,,,,,
忠厚,嘀裡嘟嚕,,,,,,,
忠良,岌岌,,,,,,,
忠實,岌岌不可終日,,,,,,,
忠順,岌岌可危,,,,,,,
忠心赤膽,嶙峋,,,,,,,
忠心耿耿,嶙嶙,,,,,,,
忠信,獷,,,,,,,
忠義,獷悍,,,,,,,
忠貞,狃,,,,,,,
忠貞不貳,狎,,,,,,,
忠貞不屈,狎暱,,,,,,,
忠貞不渝,狷,,,,,,,
忠直,狷急,,,,,,,
忠鯁,猥,,,,,,,
衷心,猥鄙,,,,,,,
重大,猥賤,,,,,,,
重點,猥劣,,,,,,,
重要,猥陋,,,,,,,
眾口一詞,猥瑣,,,,,,,
眾目昭彰,猥褻,,,,,,,
眾目睽睽,獐頭鼠目,,,,,,,
眾所周知,獠,,,,,,,
周到,舛,,,,,,,
周密,餘,,,,,,,
周詳,廩,,,,,,,
周至,忉,,,,,,,
珠圓玉潤,忮,,,,,,,
主導,忸忸怩怩,,,,,,,
主動,忸怩作態,,,,,,,
主要,怊,,,,,,,
著,懨,,,,,,,
著稱,懨懨,,,,,,,
著名,悖,,,,,,,
專心,悖晦,,,,,,,
專心致志,悖謬,,,,,,,
專一,悖逆,,,,,,,
專摯,悖妄,,,,,,,
專注,慳,,,,,,,
莊嚴,慳吝,,,,,,,
莊重,悱,,,,,,,
裝備完善,憒,,,,,,,
壯,愣頭愣腦,,,,,,,
壯觀,愀然,,,,,,,
壯健,愎,,,,,,,
壯闊,慵懶,,,,,,,
壯麗,懵,,,,,,,
壯烈,懵懂,,,,,,,
壯美,懵裡懵懂,,,,,,,
壯實,懵懵懂懂,,,,,,,
狀況良好,闕陋,,,,,,,
諄,闕略,,,,,,,
諄諄,湎,,,,,,,
準,溲,,,,,,,
準點,溷濁,,,,,,,
準期,滂,,,,,,,
準確,澹然,,,,,,,
準確無誤,蹇,,,,,,,
準時,遴,,,,,,,
卓,邋里邋遢,,,,,,,
卓爾不群,邋遢,,,,,,,
卓然,邋邋遢遢,,,,,,,
卓越,孱,,,,,,,
卓越超群,孱弱,,,,,,,
卓著,羼,,,,,,,
卓犖,媸,,,,,,,
卓躒,孑,,,,,,,
桌面兒上,孑然,,,,,,,
茁,孑然一身,,,,,,,
茁壯,孑身,,,,,,,
著邊,駑,,,,,,,
著邊兒,駑鈍,,,,,,,
灼,駢枝,,,,,,,
灼亮,絀,,,,,,,
灼然,緲,,,,,,,
灼然可見,縟,,,,,,,
灼然無疑,縹緲,,,,,,,
灼灼,繚亂,,,,,,,
資深,么麼,,,,,,,
滋潤,杌,,,,,,,
孜孜,桀,,,,,,,
孜孜不倦,桀驁不馴,,,,,,,
仔細,棼,,,,,,,
仔仔細細,槁,,,,,,,
自卑,軔,,,,,,,
自不待言,輇,,,,,,,
自動,曖,,,,,,,
自覺自願,曖昧,,,,,,,
自來熟,暝,,,,,,,
自明,毿毿,,,,,,,
自然,虢,,,,,,,
自如,朦,,,,,,,
自行,朦朧,,,,,,,
自由,朦朦朧朧,,,,,,,
自由主義,羶,,,,,,,
自由自在,羶氣,,,,,,,
自在,羶腥,,,,,,,
自尊,熹微,,,,,,,
足色,戾,,,,,,,
足月,恝,,,,,,,
足智多謀,恝然,,,,,,,
嘴緊,恣,,,,,,,
嘴快,恣肆,,,,,,,
嘴穩,恣意,,,,,,,
最高,戇,,,,,,,
最高階,戇頭戇腦,,,,,,,
最好,沓,,,,,,,
最佳,磽,,,,,,,
最理想,磽薄,,,,,,,
最新,磽瘠,,,,,,,
最主要,磣,,,,,,,
最著名,睨,,,,,,,
尊貴,瞀,,,,,,,
做得好,瞑,,,,,,,
作為消遣,瞽,,,,,,,
作興,錙銖必較,,,,,,,
丕,鷙,,,,,,,
亙古未有,鷙悍,,,,,,,
孛,疣贅,,,,,,,
廝熟,瘠,,,,,,,
剴,瘠薄,,,,,,,
剡,癃,,,,,,,
剽悍,癲狂,,,,,,,
仡,窈冥,,,,,,,
仞,窶,,,,,,,
佶,窳,,,,,,,
侃,窳敗,,,,,,,
佼,窳惰,,,,,,,
儼,窳劣,,,,,,,
儼然,褊,,,,,,,
俅,褊急,,,,,,,
倩,褊狹,,,,,,,
俳諧,褶,,,,,,,
倬,矜持,,,,,,,
倜儻,矜誇,,,,,,,
倜儻不群,聒,,,,,,,
倜儻不羈,聒噪,,,,,,,
儻,顓,,,,,,,
僖,顓蒙,,,,,,,
僭,顢頇,,,,,,,
儇,蚍蜉撼大樹,,,,,,,
裒,蚍蜉撼樹,,,,,,,
冥,蚩,,,,,,,
詼諧,蜻蜓點水,,,,,,,
諳練,篤,,,,,,,
讜,簞食瓢飲,,,,,,,
謐,趄,,,,,,,
謐靜,蹩腳,,,,,,,
勱,靄靄,,,,,,,
劬,齟,,,,,,,
劭,齟齬,,,,,,,
矍鑠,齬,,,,,,,
懿,齷,,,,,,,
芊,齷齪,,,,,,,
芊眠,鯫,,,,,,,
芊綿,饕,,,,,,,
芊芊,黝,,,,,,,
芾,黝暗,,,,,,,
蘢,黝黯,,,,,,,
蘢蔥,黠,,,,,,,
苒,黠慧,,,,,,,
茌,黷,,,,,,,
薈,黲,,,,,,,
犖,黯,,,,,,,
犖犖,黯淡,,,,,,,
犖犖大者,黯然,,,,,,,
藎,懶懶,,,,,,,
鶯聲燕語,破破,,,,,,,
菁,差池,,,,,,,
菁菁,歹過,,,,,,,
萋,遭到,,,,,,,
萋萋,壞壞,,,,,,,
菀,醉態,,,,,,,
蓁,僵固,,,,,,,
蓊,慘綠,,,,,,,
蓊鬱,逼問,,,,,,,
蕃,禁忌,,,,,,,
蕃茂,逕自,,,,,,,
蕻,異樣,,,,,,,
奕,深恐,,,,,,,
奘,淒惻,,,,,,,
撟,浮華,,,,,,,
掬誠,冒昧,,,,,,,
叱吒風雲,阻斷,,,,,,,
呱呱叫,怪胎,,,,,,,
哏,怪人,,,,,,,
噱頭,奈何,,,,,,,
岑寂,沒得,,,,,,,
嶷,沉陷,,,,,,,
徼倖,自憐,,,,,,,
狷,不定,,,,,,,
狷介,緊張,,,,,,,
猗,被迫,,,,,,,
饈,猖獗,,,,,,,
憮,指使,,,,,,,
怡,鬱結,,,,,,,
怡和,變餿,,,,,,,
怡然,變節,,,,,,,
恂,變臭,,,,,,,
恪,變兇,,,,,,,
悃,竊聽,,,,,,,
愣是,竊盜,,,,,,,
愣要,竊取,,,,,,,
愀,髒話,,,,,,,
懍,顫慄,,,,,,,
閎,魔影,,,,,,,
闃,魔鬼,,,,,,,
闃寂,鹹溼,,,,,,,
闃然,觸礁,,,,,,,
闐,孽子,,,,,,,
泱泱,顛躓,,,,,,,
泠然,難辛,,,,,,,
泠泠,礙事,,,,,,,
泠泠作響,懶人,,,,,,,
洌,懲處,,,,,,,
浹,壟斷,,,,,,,
洵,壞蛋,,,,,,,
瀏,鬆裂,,,,,,,
灩,離譜,,,,,,,
瀅,離棄,,,,,,,
瀟,雜碎,,,,,,,
瀟灑,雜音,,,,,,,
澹,藏匿,,,,,,,
澹泊,翹課,,,,,,,
灝,竄改,,,,,,,
宓,隱疾,,,,,,,
謇,謊話,,,,,,,
逍遙,糟蹋,,,,,,,
逍遙自在,濫殺,,,,,,,
遐邇聞名,濫用,,,,,,,
邃,濕悶,,,,,,,
妍,嚇破,,,,,,,
妍麗,駭浪,,,,,,,
嫵,駭人,,,,,,,
嫵媚,錯失,,,,,,,
嬈,選錯,,,,,,,
姝,遲遲,,,,,,,
孌,遲頓,,,,,,,
姣,遲延,,,,,,,
姣好,蹂躪,,,,,,,
姣美,賴賬,,,,,,,
奼,諱言,,,,,,,
娉,蕩然無存,,,,,,,
娉娉嫋嫋,罹難,,,,,,,
娉婷,積弊,,,,,,,
嫻,燒壞,,,,,,,
嫻靜,橫行,,,,,,,
嫻淑,擅闖,,,,,,,
嫻熟,戰亂,,,,,,,
嫻雅,鬧僵,,,,,,,
娓娓,醉漢,,,,,,,
娓娓動聽,醉客,,,,,,,
婀娜,踩壞,,,,,,,
婀娜多姿,賣淫,,,,,,,
嬋蟬,賣弄,,,,,,,
嬋娟,豬哥,,,,,,,
嬋媛,衝撞,,,,,,,
婷,罷免,,,,,,,
婷婷,瞎說,,,,,,,
婷婷嫋嫋,瞎搞,,,,,,,
嫣,瞎猜,,,,,,,
嫣然,瘦小,,,,,,,
孳,暴露,,,,,,,
驍,暴政,,,,,,,
驍悍,敵方,,,,,,,
驍勇,憤激,,,,,,,
驃,憔悴,,,,,,,
驃勇,寫錯,,,,,,,
綺,僻暗,,,,,,,
綺麗,障礙,,,,,,,
縝,酷吏,,,,,,,
縝密,誤斷,,,,,,,
縹,誤擊,,,,,,,
瑋,誤事,,,,,,,
琦,蒙騙,,,,,,,
瑕不掩瑜,舞弊,,,,,,,
璀璨,腐肉,,,,,,,
璀璨奪目,肇禍,,,,,,,
璞玉渾金,聚斂,,,,,,,
璨然,罰鍰,,,,,,,
韙,禍患,,,,,,,
梟,疑懼,,,,,,,
栩栩,疑雲,,,,,,,
栩栩如活,摔壞,,,,,,,
栩栩如生,慣壞,,,,,,,
軔,慘澹,,,,,,,
戛戛,慘重,,,,,,,
臧,寥落,,,,,,,
杲,厭世,,,,,,,
杲杲,匱乏,,,,,,,
炅,隕落,,,,,,,
昶,遊蕩,,,,,,,
晟,遇難,,,,,,,
曄,誇口,,,,,,,
賅博,罪証,,,,,,,
肜,禁嚴,,,,,,,
肫,禁賽,,,,,,,
膾炙人口,禁果,,,,,,,
腴,畸零,,,,,,,
膂力過人,煩雜,,,,,,,
颯爽,滅口,,,,,,,
颯爽英姿,滅亡,,,,,,,
斐,溽熱,,,,,,,
斐然,損傷,,,,,,,
旖旎,慌張,,,,,,,
煒,愁顏,,,,,,,
炫目,愁煞,,,,,,,
燁,惹惱,,,,,,,
熠,惹毛,,,,,,,
熠耀,微恙,,,,,,,
熠熠,嫌隙,,,,,,,
熠熠生輝,傾軋,,,,,,,
戾,傻傻,,,,,,,
禎,傻氣,,,,,,,
祺,傻事,,,,,,,
恣肆,亂罵,,,,,,,
愨,亂蓋,,,,,,,
懋,亂象,,,,,,,
戇直,亂來,,,,,,,
眇,亂扭,,,,,,,
睿,飲泣,,,,,,,
睿哲,間諜,,,,,,,
睿智,開脫,,,,,,,
釤,辜負,,,,,,,
錚,貶抑,,,,,,,
錚亮,詐領,,,,,,,
錚錚,詐欺,,,,,,,
錚錚鐵骨,詆毀,,,,,,,
鏗鏘,虛報,,,,,,,
錆,窘境,,,,,,,
錟,窘況,,,,,,,
鍥而不捨,盜獵,,,,,,,
馥郁,盜賣,,,,,,,
馥馥,盜採,,,,,,,
穰穰,發黑,,,,,,,
皎,發昏,,,,,,,
皎白,無神,,,,,,,
皎潔,無奈,,,,,,,
皎皎,滋事,,,,,,,
皓,欺騙,,,,,,,
皓月當空,欺詐,,,,,,,
鸞鳳和鳴,欺負,,,,,,,
竦,欺侮,,,,,,,
窈冥,森冷,,,,,,,
窈窕,惡少,,,,,,,
虔,悲歌,,,,,,,
虔誠,尋釁,,,,,,,
虔敬,唾棄,,,,,,,
虔心,勞民,,,,,,,
篤,鳥話,,,,,,,
篤誠,頂嘴,,,,,,,
篤厚,陷落,,,,,,,
篤實,陷入,,,,,,,
篤學,陰慘,,,,,,,
嫋,陰寒,,,,,,,
嫋娜,陰狠,,,,,,,
嫋嫋婷婷,陰雨,,,,,,,
粲,貪嘴,,,,,,,
粲然,貪嗔,,,,,,,
粼,貧微,,,,,,,
粼粼,細弱,,,,,,,
艮,竟敢,,,,,,,
翕,眼紅,,,,,,,
翕然,疏離,,,,,,,
翩然,疏失,,,,,,,
翩若驚鴻,異類,,,,,,,
翩翩,異教,,,,,,,
翩躚,異色,,,,,,,
赳赳,猜錯,,,,,,,
醍醐灌頂,牽累,,,,,,,
躚,混為一談,,,,,,,
觥籌交錯,淪喪,,,,,,,
靚,殺意,,,,,,,
靚麗,敗仗,,,,,,,
霽月光風,敗亡,,,,,,,
雋永,悽厲,,,,,,,
鑫,強占,,,,,,,
鯁直,崩盤,,,,,,,
髀肉復生,勒令,,,,,,,
魅人,偽飾,,,,,,,
精致,偷聽,,,,,,,
順順,做假,,,,,,,
款款,鬼扯,,,,,,,
獻敬,針鋒相對,,,,,,,
賞心,軒然大波,,,,,,,
智心,荒田,,,,,,,
能詩,草包,,,,,,,
良率,臭屁,,,,,,,
上眼,破爛,,,,,,,
極大,破落,,,,,,,
確知,破損,,,,,,,
無傷,病痛,,,,,,,
富含,疼痛,,,,,,,
勝於,疲軟,,,,,,,
首位,疲乏,,,,,,,
正式,狹小,,,,,,,
可為,涉嫌,,,,,,,
艷麗,涉案,,,,,,,
變好,浩劫,,,,,,,
鮮豔,悖離,,,,,,,
濟濟,弱者,,,,,,,
奮力,差錯,,,,,,,
善戰,剝削,,,,,,,
沈醉,凍結,,,,,,,
戒慎,凌辱,,,,,,,
壯大,凌虐,,,,,,,
不移,凄厲,,,,,,,
力圖,冤案,,,,,,,
變新,冤枉,,,,,,,
警醒,倭寇,,,,,,,
擺平,倉卒,,,,,,,
擅於,陋習,,,,,,,
廣大,陋俗,,,,,,,
嬌小,重創,,,,,,,
增長,苦頭,,,,,,,
說服力,苦於,,,,,,,
認清,胡鬧,,,,,,,
慇懃,背棄,,,,,,,
夢幻,看壞,,,,,,,
解套,相剋,,,,,,,
義氣,相忌,,,,,,,
進展,玷污,,,,,,,
喜用,狡滑,,,,,,,
猛進,牴觸,,,,,,,
高挺,為患,,,,,,,
能夠,流弊,,,,,,,
紓困,流氓,,,,,,,
殷盼,毒打,,,,,,,
美豔,毒手,,,,,,,
美艷,染指,,,,,,,
恰可,枯瘦,,,,,,,
勃興,枯黃,,,,,,,
亮相,施暴,,,,,,,
易讀,拜金,,,,,,,
奇譚,怨別,,,,,,,
具足,怒視,,,,,,,
享用,怒捶,,,,,,,
攻得,怒氣,,,,,,,
行家,怒吼,,,,,,,
有賴,幽怨,,,,,,,
收復,哀淒,,,,,,,
好認,叛黨,,,,,,,
在望,叛國,,,,,,,
玄奇,俘虜,,,,,,,
永保,侵權,,,,,,,
主流,阻力,,,,,,,
少壯,狐媚,,,,,,,
及早,爭辯,,,,,,,
稱雄,爭端,,,,,,,
超前,爭執,,,,,,,
勝利,泡影,,,,,,,
盛事,歧途,,,,,,,
振興,杯葛,,,,,,,
放心,拘泥,,,,,,,
奇葩,拖慢,,,,,,,
有志,拖欠,,,,,,,
懿美,怕死,,,,,,,
賺到,延誤,,,,,,,
勵學,官腔,,,,,,,
優勢,孤零,,,,,,,
親和,委頓,,,,,,,
戰勝,委曲,,,,,,,
學好,受寒,,,,,,,
毅力,取笑,,,,,,,
盡興,乖舛,,,,,,,
煇煌,邪道,,,,,,,
新意,走音,,,,,,,
慈愛,走狗,,,,,,,
愛妻,私製,,,,,,,
圓滿,狂叫,,,,,,,
勤學,災變,,,,,,,
雅致,忘本,,,,,,,
超然,弄髒,,,,,,,
超強,弄亂,,,,,,,
無慮,妨礙,,,,,,,
無過,妒心,,,,,,,
期許,困擾,,,,,,,
最優,困惑,,,,,,,
智者,告吹,,,,,,,
智巧,呆帳,,,,,,,
揚名,呆人,,,,,,,
復原,吵到,,,,,,,
尊嚴,劫掠,,,,,,,
善用,冷嘲,,,,,,,
勝仗,冷感,,,,,,,
推薦,冷汗,,,,,,,
高論,作假,,,,,,,
起勁,低靡,,,,,,,
討喜,低矮,,,,,,,
殷切,串謀,,,,,,,
殉國,行乞,,,,,,,
振奮,血光,,,,,,,
剛猛,自滅,,,,,,,
首倡,老千,,,,,,,
英傑,污跡,,,,,,,
美事,死敵,,,,,,,
美化,死當,,,,,,,
亭亭,有染,,,,,,,
長命,早洩,,,,,,,
矻矻,扣住,,,,,,,
知恥,忙亂,,,,,,,
欣欣,好色,,,,,,,
忠愛,奸臣,,,,,,,
奇準,多舛,,,,,,,
具体,劣幣,,,,,,,
良方,劣勢,,,,,,,
沈穩,仿冒,,,,,,,
沈著,丟失,,,,,,,
快感,白痴,,,,,,,
含笑,犯規,,,,,,,
助人,氾濫,,,,,,,
自期,本末倒置,,,,,,,
安睡,斥為,,,,,,,
安閒,打死,,,,,,,
安心,扒竊,,,,,,,
好懂,失職,,,,,,,
好報,失勢,,,,,,,
必勝,失策,,,,,,,
互利,失敗,,,,,,,
不虞,失措,,,,,,,
才女,失掉,,,,,,,
大勇,失真,,,,,,,
讚許,失查,,,,,,,
讚好,失信,,,,,,,
靈妙,失法,,,,,,,
驚讚,失和,,,,,,,
變乖,叨唸,,,,,,,
歡笑,叨念,,,,,,,
歡叫,出錯,,,,,,,
護佑,出賣,,,,,,,
贏得,引爆,,,,,,,
嚴密,天譴,,,,,,,
顛峰,分贓,,,,,,,
瀟洒,分心,,,,,,,
寵幸,凶手,,,,,,,
鮮麗,冗員,,,,,,,
優游,公憤,,,,,,,
優化,內憂,,,,,,,
靜定,內疾,,,,,,,
辨明,井蛙,,,,,,,
積德,不實,,,,,,,
激奮,不符,,,,,,,
據理力爭,不淑,,,,,,,
儘力,不明,,,,,,,
適切,不均,,,,,,,
賢君,不合,,,,,,,
賜予,小覷,,,,,,,
潛力,小器,,,,,,,
寬慰,大敵,,,,,,,
寬廣,大禍,,,,,,,
領悟,大損,,,,,,,
銘心,土匪,,,,,,,
精讀,下挫,,,,,,,
精純,入侵,,,,,,,
福祉,一意孤行,,,,,,,
對味,,,,,,,,
奪魁,,,,,,,,
頌讚,,,,,,,,
雋美,,,,,,,,
誠意,,,,,,,,
聖河,,,,,,,,
聖子,,,,,,,,
感動,,,,,,,,
意趣,,,,,,,,
傳奇,,,,,,,,
開創,,,,,,,,
週到,,,,,,,,
發達,,,,,,,,
揚升,,,,,,,,
善業,,,,,,,,
善神,,,,,,,,
善性,,,,,,,,
善念,,,,,,,,
善事,,,,,,,,
善行,,,,,,,,
善目,,,,,,,,
雪恥,,,,,,,,
脫穎而出,,,,,,,,
盛會,,,,,,,,
現代化,,,,,,,,
清歡,,,,,,,,
清譽,,,,,,,,
清芬,,,,,,,,
清和,,,,,,,,
深思熟慮,,,,,,,,
淑女,,,,,,,,
推荐,,,,,,,,
悠游,,,,,,,,
從良,,,,,,,,
強韌,,,,,,,,
夠味,,,,,,,,
堅硬,,,,,,,,
堅守,,,,,,,,
高歌,,,,,,,,
高就,,,,,,,,
高崇,,,,,,,,
高才,,,,,,,,
起義,,,,,,,,
貢獻,,,,,,,,
浩瀚,,,,,,,,
效忠,,,,,,,,
悟道,,,,,,,,
恭候,,,,,,,,
恩寵,,,,,,,,
恩人,,,,,,,,
原諒,,,,,,,,
修長,,,,,,,,
重義,,,,,,,,
茁長,,,,,,,,
耐磨,,,,,,,,
耐看,,,,,,,,
耐心,,,,,,,,
美景,,,,,,,,
美人,,,,,,,,
相助,,,,,,,,
珍饈,,,,,,,,
珍本,,,,,,,,
活力,,,,,,,,
柳眉,,,,,,,,
柔雅,,,,,,,,
指日可待,,,,,,,,
拜讀,,,,,,,,
建設,,,,,,,,
建交,,,,,,,,
客觀性,,,,,,,,
威猛,,,,,,,,
厚德,,,,,,,,
勉力,,,,,,,,
勇毅,,,,,,,,
信服,,,,,,,,
信守,,,,,,,,
芳名,,,,,,,,
花容,,,,,,,,
肯切,,,,,,,,
爭光,,,,,,,,
明志,,,,,,,,
昇遷,,,,,,,,
昇級,,,,,,,,
旺健,,,,,,,,
拉風,,,,,,,,
承歡,,,,,,,,
忠恕,,,,,,,,
奉行,,,,,,,,
和樂,,,,,,,,
和好,,,,,,,,
取勝,,,,,,,,
迅速,,,,,,,,
良幣,,,,,,,,
良將,,,,,,,,
沃野,,,,,,,,
攻下,,,,,,,,
快速,,,,,,,,
志氣,,,,,,,,
宏規,,,,,,,,
孝弟,,,,,,,,
妙極,,,,,,,,
助力,,,,,,,,
利於,,,,,,,,
別緻,,,,,,,,
作美,,,,,,,,
至美,,,,,,,,
至孝,,,,,,,,
自愛,,,,,,,,
成名,,,,,,,,
屹立,,,,,,,,
安和,,,,,,,,
好處,,,,,,,,
名媛,,,,,,,,
名作,,,,,,,,
同情心,,,,,,,,
合諧,,,,,,,,
划算,,,,,,,,
全才,,,,,,,,
先賢,,,,,,,,
交心,,,,,,,,
正軌,,,,,,,,
可望,,,,,,,,
功效,,,,,,,,
充分,,,,,,,,
仙姿,,,,,,,,
尤物,,,,,,,,
升級,,,,,,,,
互愛,,,,,,,,
丰姿,,,,,,,,
不忍,,,,,,,,
大勢所趨,,,,,,,,
大刀闊斧,,,,,,,,
上進,,,,,,,,
顯威,,,,,,,,
讀熟,,,,,,,,
權威,,,,,,,,
轟動,,,,,,,,
躍登,,,,,,,,
攜手,,,,,,,,
釋疑,,,,,,,,
獻禮,,,,,,,,
嚴守,,,,,,,,
麗人,,,,,,,,
贈勳,,,,,,,,
釐清,,,,,,,,
邀請,,,,,,,,
聲援,,,,,,,,
幫忙,,,,,,,,
壓軸,,,,,,,,
隨喜,,,,,,,,
遵照,,,,,,,,
遵循,,,,,,,,
遵守,,,,,,,,
擔當,,,,,,,,
學識,,,,,,,,
魄力,,,,,,,,
調協,,,,,,,,
確認,,,,,,,,
確保,,,,,,,,
確立,,,,,,,,
潮流,,,,,,,,
樂昏,,,,,,,,
憐恤,,,,,,,,
廣沛,,,,,,,,
履行,,,,,,,,
增多,,,,,,,,
齊力,,,,,,,,
認同,,,,,,,,
粹取,,,,,,,,
福氣,,,,,,,,
實踐,,,,,,,,
實質,,,,,,,,
實現,,,,,,,,
預防,,,,,,,,
達成,,,,,,,,
遊興,,,,,,,,
跟進,,,,,,,,
補齊,,,,,,,,
補貼,,,,,,,,
補助,,,,,,,,
補正,,,,,,,,
補充,,,,,,,,
葳蕤,,,,,,,,
義舉,,,,,,,,
義行,,,,,,,,
群雄,,,,,,,,
稟賦,,,,,,,,
溝通,,,,,,,,
搶進,,,,,,,,
愛用,,,,,,,,
雅頌,,,,,,,,
開闢,,,,,,,,
開竅,,,,,,,,
開悟,,,,,,,,
開拓,,,,,,,,
逸趣,,,,,,,,
週延,,,,,,,,
超越,,,,,,,,
貴人,,,,,,,,
華宅,,,,,,,,
發憤,,,,,,,,
欽定,,,,,,,,
棋聖,,,,,,,,
惠賜,,,,,,,,
復國,,,,,,,,
奠下,,,,,,,,
創始,,,,,,,,
創見,,,,,,,,
造就,,,,,,,,
許多,,,,,,,,
盛行,,,,,,,,
深義,,,,,,,,
淑世,,,,,,,,
推動,,,,,,,,
推波助瀾,,,,,,,,
接納,,,,,,,,
得到,,,,,,,,
強化,,,,,,,,
專業,,,,,,,,
密實,,,,,,,,
寄望,,,,,,,,
堅信,,,,,,,,
培養,,,,,,,,
國威,,,,,,,,
健將,,,,,,,,
高票,,,,,,,,
高人,,,,,,,,
除臭,,,,,,,,
配合,,,,,,,,
神人,,,,,,,,
砥礪,,,,,,,,
真跡,,,,,,,,
真相,,,,,,,,
特景,,,,,,,,
特赦,,,,,,,,
效益,,,,,,,,
效力,,,,,,,,
捐助,,,,,,,,
悍衛,,,,,,,,
容納,,,,,,,,
娥眉,,,,,,,,
修志,,,,,,,,
修正,,,,,,,,
首推,,,,,,,,
重溫,,,,,,,,
重振,,,,,,,,
要者,,,,,,,,
美體,,,,,,,,
美意,,,,,,,,
看清,,,,,,,,
相愛,,,,,,,,
相符,,,,,,,,
相契,,,,,,,,
相信,,,,,,,,
盈實,,,,,,,,
珍品,,,,,,,,
春暉,,,,,,,,
恢復,,,,,,,,
後盾,,,,,,,,
建樹,,,,,,,,
建立,,,,,,,,
信念,,,,,,,,
信用,,,,,,,,
保護,,,,,,,,
保障,,,,,,,,
保有,,,,,,,,
長遠,,,,,,,,
迎擊,,,,,,,,
芳魂,,,,,,,,
糾正,,,,,,,,
知人,,,,,,,,
直躬,,,,,,,,
爬升,,,,,,,,
服務,,,,,,,,
明器,,,,,,,,
受獎,,,,,,,,
受教,,,,,,,,
制衡,,,,,,,,
具體,,,,,,,,
享年,,,,,,,,
防範,,,,,,,,
良知,,,,,,,,
良帖,,,,,,,,
決心,,,,,,,,
求助,,,,,,,,
更新,,,,,,,,
改革,,,,,,,,
妥協,,,,,,,,
妝點,,,,,,,,
吸引,,,,,,,,
克服,,,,,,,,
至親,,,,,,,,
多數,,,,,,,,
回暖,,,,,,,,
名劇,,,,,,,,
合契,,,,,,,,
合身,,,,,,,,
印證,,,,,,,,
全人,,,,,,,,
生機,,,,,,,,
玉指,,,,,,,,
永恆,,,,,,,,
永久,,,,,,,,
正事,,,,,,,,
打氣,,,,,,,,
平撫,,,,,,,,
包容,,,,,,,,
功俸,,,,,,,,
止跌,,,,,,,,
文才,,,,,,,,
引進,,,,,,,,
反饋,,,,,,,,
友誼,,,,,,,,
中道,,,,,,,,
大師,,,,,,,,
大志,,,,,,,,
大公,,,,,,,,
力取,,,,,,,,
人情,,,,,,,,
人才,,,,,,,,
了解,,,,,,,,
